Feature_1,Feature_2,Feature_3,Feature_4,Feature_5,Feature_6,Feature_7,Feature_8,Feature_9,Feature_10,True_Demo_Cluster
-1.799917834329686,-6.919995295040399,-2.5707556528582822,-2.9168773983687206,-1.794297088024259,5.384794763568459,-6.747689881634371,-2.4114054556081017,0.4189300232599862,-8.028431935572415,2
-3.1945728112134475,8.271404396206739,1.824855446792459,0.4175363087589814,-9.100778882082928,-3.375568706428701,-6.966970970341088,9.86663310548702,3.4656443629506457,1.9033480134864504,0
-0.19200646503794205,7.372921491494901,6.566631094716745,2.7987315378137287,-5.23550687116229,-3.086523627968052,-9.329103988641751,5.816050586783724,0.24327137561312906,2.5298309859900323,0
-5.577425964523995,11.56963977199534,5.304506860187285,0.47619661082762477,-3.7773232401062242,-6.64876032469023,-6.4797333885083575,7.458559878318921,6.14379608462815,7.672133240807318,0
0.7177500611805561,-4.970328654310398,-7.637179511862511,10.693988886934697,9.066367790786652,7.373107498285903,-4.799025222592576,-3.9389203396991306,2.059568989999166,3.0136447337086514,3
4.204686274544596,-5.3903624437634585,-5.461392860972674,9.809364003977352,6.8788472408108525,8.8946999894059,-5.1180370877445815,-6.225720720501181,6.83212896335335,-0.28357410374717473,3
-0.6472598183401845,-9.630091110735389,-7.797042870741456,10.991170887520795,6.170335959255421,8.330975134928703,-3.832640933558944,-5.8629470417230305,3.544219807207904,-6.241505960183874,3
2.5888248697407166,-8.273160789990474,-13.569592803860186,10.346037162284576,7.683128655844091,6.520247866104605,-6.407365295711315,-8.577032800812725,3.752098640045244,-0.6597629631193773,3
2.3164428455996178,-6.515951859905701,-13.467581717865901,10.468012473636302,9.580973493482874,7.024631063650672,-5.330649004699996,-8.815471477826504,2.8626106572367913,0.8462958429381047,3
1.6675517865087048,8.735106871887973,6.856244469703134,-0.10664217031032974,-5.654079381026131,-8.98694071962326,-10.08586567802762,11.151585623232275,1.6409354333374826,4.5963173022803545,0
-6.644081823132503,8.836046049172745,2.030939835218395,3.312514781600809,-6.146430698957573,-8.759869165930658,-9.866061591309398,5.2050958717208005,1.8969420403178319,6.071736196923386,0
5.138912991006014,-3.5957294996833924,-7.522424417541009,-4.720820315898925,-1.4382210004132927,3.77444363803989,-4.994593249921075,-1.1718556365409936,6.178403512854055,-6.6898945569128525,2
-1.3507271012881907,-9.921017793183742,-5.575148944556618,1.2337551409269705,-1.9303596674496883,6.0590194403963356,-5.205561583820148,0.54681914070393,1.6934044557888626,-11.461579272798534,2
-10.841744563263882,11.122983988005403,8.55510290676061,-4.727046946239891,-4.913309082161994,-5.299553228701407,-5.19811833125515,1.3589737219926386,0.23971942329767937,-2.6668345364120127,1
-7.210483371134665,10.814804737642014,7.351749231091602,-3.612917309801622,-6.416543174356108,-8.095659105386758,-4.241289068696774,-0.9946766569681409,-2.7114561771064483,-4.464454537470197,1
-4.650982619174975,9.979230958684692,4.192953265576399,3.401170672124916,-5.93315194200418,-7.025767418589692,-10.53191519277282,4.293828466126974,1.1292703307301335,5.8742491445678535,0
-10.047091602220007,9.311243143612161,3.5866378108969914,-4.724708274398807,-5.2193857724297,-6.456291836929946,-1.6664484210682402,-0.17302582931512378,-0.23188777537048466,-6.214745873423393,1
-9.501280776797019,10.5144760722769,1.5897326606198297,-6.346432704574074,-5.880856786024426,-8.633937970170338,-3.1425085051861257,0.0861861906725142,2.149851769473295,-1.0293777456094486,1
3.5460709787071645,-8.261700866693422,-8.082948335859728,6.372021218017176,10.21677633801053,5.455998793557556,-3.8493436086614516,-6.650609659612127,1.219579907802577,-2.565933586433567,3
1.7011909264390626,-8.447101689159087,-2.827652335638853,6.831054680620875,8.45494481027904,6.999620634901342,-2.707298685044031,-6.130693609440954,7.299877545781664,-0.18463481428654838,3
6.605251361208502,-6.069108370250131,-5.3184036344035395,-3.895533628903422,-1.064488728886457,5.224515383816773,-3.7728568057728973,0.6575211077603251,0.3850278994237937,-5.29011037528848,2
-10.681670283258482,8.85488682258778,9.99575699660551,-3.072295682853781,-8.962663129713183,-4.672444967172975,-2.2923620318260616,-1.8013979448604793,0.27645566035203606,-1.0995533592140556,1
2.2229679234864803,-7.641341944095208,-4.900822793852968,-4.129686377486852,-0.23955097409336967,9.010753764844843,-5.726749891154551,2.2769251980944905,-0.9321524730660755,-8.755468867012507,2
1.8003079782207407,-5.790882322815908,-7.978181350258249,9.98628645183521,9.894570121766073,5.15392964378911,-4.935525869830273,-10.444460515860074,7.254210608613327,-1.170049395969387,3
5.575196946100252,-9.095238798542916,-0.9275494478759341,-3.316819443110283,1.7722639025308764,2.8898892088651964,-4.834715954503507,-1.1888515036230114,-0.9822430066075252,-8.633923660778153,2
-1.0929802696755693,10.92769076178749,3.0678999152122026,-0.6892962231748241,-10.552037937357863,-5.864126939450859,-11.045060968983758,3.0177417295937374,2.7994574439261037,9.147450590786491,0
1.8054188034782568,7.8028562821916445,6.124069580246715,2.5717548447537157,-4.276144612353674,-3.7570871998222413,-8.774319458504477,5.8166871748063365,2.9422445207424084,2.8060208164166967,0
3.2424704650934775,-10.932660335775065,-8.71519454351791,9.293889195713035,8.757552148860084,8.75049464036098,-3.064164468030845,-5.426173903710527,3.252739489542673,0.6780048598058768,3
-0.9947156803733557,-6.6108274112844665,-2.2922372873863024,-3.502963712052905,0.5228009085818868,11.332828116805379,-6.21520994280659,1.0713028682828798,0.3721772099180667,-8.708489420395944,2
1.6997663878281046,-10.882842354499957,-5.022654796472414,-1.0851261998385346,-1.4733524741454933,5.210752422831177,-4.033771345020932,-1.139257686245613,-1.2373150592449496,-9.392253984651035,2
-7.797599252558752,8.135041584909223,7.1551832920843985,-4.112529761209565,-6.430725785265413,-5.422427978649055,-4.948014428584389,0.10219546578856292,-1.7728184889183658,-5.668573889119639,1
4.152641123393401,-6.7949160841579115,-3.541753722493409,-4.863801911817291,-2.640108494864741,9.300969264562896,-7.476926426359299,3.5971052723868238,1.3621689794791167,-9.066415873313037,2
5.437980056269825,-5.807261772388717,-6.363948494321518,7.529781284131092,8.023960127447218,0.6896665500542758,-1.5354336684479888,-4.96590976023255,2.5783060395485977,-1.7048535380024432,3
-6.265791684988211,8.484004530067342,5.444428695284874,-4.81566927428443,-8.36027153423457,-5.728326003292391,-2.382994584039865,2.9489950804133724,-1.5614077801175907,-4.5827646963930935,1
1.7231467029194887,-4.648885122677607,-7.861448220039416,9.418877820541388,6.770737219306621,5.410787475902913,-2.110386295854238,-7.971164573624476,5.0037234694214145,2.3360734754472943,3
-5.539579747449855,11.74803466308737,7.929814263230669,1.4750976048279754,-5.7265132650397375,-6.257609284188875,-2.680566139725535,9.562672738367857,1.7664650519026426,2.2503706747200574,0
-8.477284821399454,7.560824020267697,5.814119188798267,-6.343397614910289,-4.411867217168569,-4.4950009150464965,-6.406589893702014,0.6049968546444547,-2.78025933665603,-6.69242701738983,1
-10.461081895137088,9.178977435388225,6.472126897597765,-6.493239846198732,-6.8810927811921925,-3.13461546192189,-2.793316244926768,-0.09583200341356346,0.03280918186378612,-4.843056175551181,1
0.15190250510643732,-9.554590293832444,-3.2283673022024884,-3.7738669975431414,-0.24588367258699106,3.9330218556118277,-5.644398871290641,2.89124484290436,3.0206229780264167,-9.895819382033006,2
5.219861241617796,-4.344769088847851,-9.618497371955362,10.064492400810286,9.31893611530384,8.627927699206587,-1.9423583309927044,-10.84669916623834,4.859185357171491,-1.6082058324944684,3
4.677623687283024,-9.36348104190119,-5.682145507588833,-0.6001573499812065,-2.069670186026999,7.504585382523456,-2.6076523908153866,-0.5189012856110348,3.2110160303914608,-11.378376308279762,2
-10.685759929565874,9.583886845522116,6.968565600003236,-7.808568068286393,-3.8320849741285863,-8.064259499360325,-1.976240739755772,1.349517356388127,-2.6535542468452915,-0.6247954108201372,1
-0.7699857828414298,11.725561845808222,5.466748642675503,5.726761309056863,-8.427205589358415,-9.36941899989878,-12.395768254444567,10.31561153847707,3.331031547572291,4.050282214099998,0
-11.733796165563565,9.876690771462185,10.797018155508383,-7.591986969607324,-11.424075701350647,-6.903918246691545,-1.7132358708121034,4.411823541085945,-3.820198816062519,-3.182018749566118,1
-2.962165820752414,7.095407654751362,3.8954652840859953,4.150666923349104,-3.110454579282052,-3.7936225367315686,-9.81602660020856,5.084288048920681,2.3040727286865836,0.6245728247952056,0
-5.267836079081805,7.552426048314484,4.573624890480507,5.562285410976307,-7.914849789223613,-6.43253368999815,-8.871173548781515,9.700309462394872,7.076165086611419,3.099714010080268,0
0.26707164281355955,-6.812762767864349,-4.31524171302475,-3.831011353397659,-1.8402678946832394,7.095855222178851,-7.041909502571235,0.10850628021408598,6.188164553401935,-11.91835701936789,2
4.978130182441017,-5.819716986791164,-3.589604981972635,-4.648509815927664,-2.5723022479100095,8.202757038453607,-4.447826349022141,0.20664972951714433,1.0124722857090687,-13.122607491822798,2
4.932841754031568,-9.301458215974097,-9.090538682231573,6.893167568972169,10.453483008212778,5.505084219766216,-4.945058055775007,-6.340154629769213,3.7435217135982417,-0.16366123333603855,3
4.194837011561148,-9.953609045486175,-0.93954531782689,-1.0163037537569204,1.3031230255481154,4.7776402038097565,-6.306405794991025,-2.5816148607771914,0.7989665631072438,-8.083682050313744,2
4.555819981048634,-5.263919664929019,-5.715292508049038,-2.266291224954104,-1.793866814334511,6.07489638869775,-2.9882623300237046,1.4959012335348585,2.865508123707734,-9.93161038550933,2
-7.823643989437133,8.494016377573725,5.708768520489433,-5.22146132713038,-7.236940127939179,-6.464175032182968,0.2842884375237853,0.0010772311527639244,-2.0777799312001295,-5.470500807309479,1
1.6413241221977808,7.635910492019185,8.1118064425586,2.368991250866028,-8.182463198380166,-7.84788126138459,-9.47902237302465,8.171854808302536,3.067971210935175,3.014051548043751,0
3.832745454239123,-10.928796330279278,-4.066124076634133,-1.556090287702755,2.834694557464629,4.7399872856733225,-5.357607148127771,-3.3230368168524973,-2.935621031385198,-7.381442994036645,2
2.1917313724546026,-9.52086524093836,-12.237068747773208,9.71120356085118,8.544891178829621,6.572507777571659,-3.943514570549287,-9.999357817199916,3.5941519263144643,-3.6631527352376834,3
3.8965457400400356,-8.521830972995003,-8.857744989105816,8.376778847625259,7.301437910112256,6.888275330220755,-4.98301613209222,-6.735750060171847,1.544277404454474,2.241131100475669,3
1.2173794141258854,-9.555486390219006,-10.334332933504678,6.710050031453958,8.487682637715313,4.690551965670096,-7.161734458266084,-4.001377258733359,6.189741992301599,-2.754988968247944,3
-5.724164092175205,9.38355384526293,5.159644424724949,3.5368154274953527,-9.353528612907434,-9.5210228194445,-7.794444625402215,7.917492261965076,2.5232859355559287,4.854347974914861,0
2.1541351007426486,-5.759971744676588,-5.490289923677217,8.407522230982638,9.589931028911357,3.9956943639664018,-5.644246539729251,-7.850931133685707,5.892527623646952,-1.7095117737111178,3
-10.519921252320277,9.096521620106495,6.500957684791651,-6.656536738753722,-5.973450687801734,-7.848473940706504,-6.176385810684298,1.7405510804452944,-0.10204045871406353,-5.784048715359146,1
-9.747592896575382,10.302940635739354,4.524065759714676,-4.896603592019179,-6.7377891858670855,-4.3604498115715975,-1.5403830376797432,5.674255916681985,-0.20183328073053386,-3.5238245628748284,1
3.995891976722396,-9.36487494092868,-1.4041141292565613,-2.0464988540998554,0.49553127605855196,8.636600946417479,-8.229684855859908,0.21303761085930667,0.7853822745224197,-12.206710596330957,2
-11.619953752040745,9.521556742935829,7.506485816669581,-4.367006571908188,-6.010617545303537,-7.065965481097968,-5.570335582106685,0.6674163987375068,-3.505377651128899,-10.018118163028376,1
2.550445350940639,-5.1630614985884735,-3.806533471427789,-5.346214011878027,-1.702247053586595,5.967375161404187,-6.915619794319694,-0.15261778659783942,1.665492262222621,-9.232748741330967,2
0.6110291499273302,-5.563562955603752,-3.705583983072128,-2.637536630258851,-2.8293323702157807,8.310535091729792,-4.677118866166586,-0.8211529064623715,3.851941084604724,-10.06613342237046,2
-12.057007857843795,8.213268524934097,6.5960413020905815,-5.192895468795263,-7.98270769570128,-5.483787714003144,-4.862833834951077,0.46622409088819905,-0.26853113115028604,-4.162572656417286,1
-3.0469750041624115,6.801234310714981,9.786598442727822,2.0916065519697087,-6.851768607325377,-6.928359767495953,-8.442158235100301,7.0348020916508185,0.8749762211037031,3.0677336734401246,0
-10.904543092234464,8.790744985686556,3.957110969062006,-7.391733505877473,-7.3159424029473055,-4.583131441505868,-3.3900324828053954,0.8823084553798459,0.3406962971782592,-4.450160772837955,1
-9.444236391516462,8.973779103437582,4.745015895963965,-5.598256749396752,-5.847995575572487,-8.815430953894573,-3.2468023063194504,0.18461053499525976,-5.176714742912467,-5.896187217598165,1
-2.7267179199664655,9.817709572396204,6.020166819650326,1.1707287401690594,-6.431442227530437,-6.854924791712357,-8.642975559538346,5.77750334778777,2.071320583382061,5.157448138411809,0
-5.722090263567895,9.421213399932768,3.1271773456594945,-0.8713377352546163,-8.172772959636323,-9.043205600504736,-5.464044486490881,9.086802429397604,2.0063549522309407,7.121339833700961,0
-8.59186661709038,11.678495120282419,9.809934189145183,-7.783406170090214,-7.985215678278664,-8.847065520760555,-4.383194859023209,1.4278453815374261,0.6135694060205186,-4.327319243324207,1
1.480408874292713,-9.271646952857306,-7.211664589214063,8.567957417337231,9.37543239255674,9.383103575128242,-3.948845731233601,-7.468190373634871,1.3268135476464868,-1.6362890299098933,3
-2.11615528364981,10.432293643375345,4.4604074476536475,4.853404114839678,-8.23241179526981,-3.2782287274543154,-8.918643657924697,4.461972711262607,2.278509064685754,2.799348240971147,0
-1.6353212835600504,11.395578677771004,6.538987107110749,-0.996626252959075,-11.987469460955179,-5.011469770797399,-11.572085153466853,6.873992111713336,-0.3179258172545434,0.5574906807608695,0
-12.172835504295188,10.777612653730275,5.642903274905749,-5.2262433557723575,-5.775052397831001,-6.800725403563968,-5.4826864719820385,-0.8859534719877615,-3.19348345812017,-5.839061612500051,1
4.666135150747486,-5.777405281398008,-9.16881668333636,7.190680560028106,10.908342064255464,2.421064354419988,-2.615943775980802,-10.244647222982067,6.189227854156417,-0.8743510398825829,3
2.610971453484839,8.822166328749022,6.938425488799453,0.5668168336889572,-6.949604172145193,-3.3385083220049268,-10.092261872211544,10.94842003149256,3.4378041057751263,3.0365180041323736,0
0.8686685175794768,-0.9408563442480773,-11.336905136899432,9.017923678804863,9.671885206755034,8.85824220323405,-3.18824666627901,-9.043825511449224,1.7822917894672252,-1.8805937657002443,3
-9.908575705217231,10.740877196140817,7.075246072483814,-7.257156449912115,-7.001608527191224,-7.923961516538302,-1.763140863612049,0.5377519299886417,2.4412817443483297,-4.296738823668403,1
-8.051895680820476,9.828990054152461,7.665390095357615,2.0992576264381766,-10.531726534855164,-2.8825165034091067,-4.490050179609956,1.0697864414507758,-1.4521241177601696,-5.023889862835248,1
0.446590466430282,7.977745691651027,3.022891630441726,0.9696555967716589,-5.048822955747122,-6.222607373956578,-9.897848164170089,8.350057781725415,2.2164553335602566,6.0987415369866875,0
-3.7871211184317546,6.368106541383325,7.923909156500839,3.9928038626260003,-8.255927881506718,-2.375237982587329,-6.874796782652822,6.673860148481459,-2.9765111948829706,8.743336701102393,0
3.483436382115813,-5.433560478975055,-7.544241090081087,8.720391852362555,12.126510153274689,5.199709973159586,-1.9971861421181758,-8.124043509851408,2.4679590008844623,-0.011889510572450357,3
2.1531169274033526,-9.67838522275066,-7.7132001965906705,10.644917154741362,8.110387556153494,8.499780002839668,-7.241251430110982,-11.03607001277161,3.957855321420642,-1.1461795692634296,3
-2.6501951791709324,9.987289415850725,4.768827665848342,-1.9777634487670106,-8.758297978788779,-7.168284704719177,-11.257717242318225,8.523380375491111,5.08380189955157,6.598975259315543,0
3.3699491284459686,-9.700264993936655,-8.29727795406299,9.17929289035628,9.395215572666066,8.242264759645707,-3.2388475868355435,-5.090413923159433,1.697481499055065,-0.925100990771277,3
-2.3169560691707836,8.089735550788237,3.77088638136347,1.3548254370034534,-6.435359647883844,-7.837606836602902,-6.326815505488969,5.534308311059696,1.6485569465414576,3.281989439372559,0
2.3566141938934346,-6.290833704134409,-11.521081802426574,10.58402023029471,9.791895697969183,7.6340555252612186,-7.69324897171269,-7.423576002276742,1.3091300504080836,-1.991596630310697,3
3.1871004420887177,-7.647919545877196,-10.437542114271697,8.955976470996722,9.587345620305259,12.004294072449406,-4.2760162478989905,-10.306915178841688,4.230681965231909,-5.34623020030071,3
1.9669834728202347,-6.557466961663849,-7.109767374403987,10.92495524392236,8.305501423675752,5.866718933069356,-5.439966277753928,-10.30268282948771,4.304450089004407,-3.7441212224011715,3
-8.67276438178018,12.74718190993496,6.637660778350343,-4.415734475249452,-8.546902408136617,-7.106109207880126,-2.5240796256776905,2.1933328541310453,-1.9490335224860496,-4.318615699755295,1
4.536401932205084,-6.616968909898553,-1.6218040069196893,-2.0953071281064934,-3.1928335530858223,3.0372625183046598,-9.109548854950663,1.608792437789179,4.2254850234148655,-5.372267462827283,2
-1.1366772423037232,5.788854385819018,3.696015104649234,4.151070877875464,-6.751067152960345,-9.035599149134558,-10.268935175155947,8.682718413368054,0.5615669714299023,4.594368735084859,0
4.377788214907449,-4.6663379430818495,-4.378732149853812,-3.4492492411692437,-0.9904412127037068,6.3794342843245095,-4.223916983093295,0.2931484862605357,3.086063973287157,-5.794272281058163,2
-9.722666694182662,7.9666770650183825,8.012956947433675,-2.7787254757626223,-7.523607138598074,-5.8531008018605695,-2.915784920203378,1.439133174483306,-1.2091890913255103,-2.6900523593197168,1
0.30572828740117375,-3.9517900571572726,-5.320671096079745,-5.020523062944111,-1.2744757736286443,9.839331904187377,-9.669888851244858,-1.8179310550064565,4.843154743600103,-5.355587058524581,2
1.7351147709725163,11.079216649300616,1.6011389043200746,1.0047015382082294,-4.345804892778025,-8.295448524513509,-7.950688900343554,8.872791022357376,0.16843929170800975,4.042400843797309,0
4.256001471639527,-8.900005664146155,-7.155138950212439,-2.8564526627960762,-1.0534709732136427,6.8001584829692705,-4.107335214103829,0.16585840572724436,5.559298006829376,-8.62252225652946,2
5.56008122462352,-8.805742442771908,-6.7468867015825165,11.776683599011353,8.055332051342047,5.612919724608754,-5.980343111280128,-8.453480002032931,3.611480581557275,0.12234987095676786,3
2.999677118977159,-6.586817074949606,-7.1949286794757725,-7.934223407784293,-0.10184885719894388,5.513870765298528,-7.03608970666229,0.7717491766449218,1.7274839188470332,-6.815431244332248,2
-3.7119329109551775,9.653849996483395,1.4538913691647628,2.85411915986153,-6.918902789004632,-5.7751296844416515,-8.390499488506688,10.051803775446391,2.2727492401599902,3.3026404736704027,0
-4.754641666177347,9.779105620566423,4.972783252654214,2.95807221195703,-6.3012899033356335,-1.9695093134541581,-10.113807725138642,6.261529005495068,0.7760191820146469,3.0504973176003993,0
-8.566725937028762,11.459358214488,5.333183708304162,-4.044167332301246,-8.547368456648613,-4.551414801258306,-3.571476461222183,1.6016310726143246,-3.7122888384073884,-5.965556880592371,1
3.5220765306255992,-6.872814698274424,-6.366227048955905,10.039662068994847,4.9562180220283265,5.109013035315205,-5.031408815235984,-7.087835813013477,-1.5649735825050861,3.9010692922274712,3
6.409151993521817,-9.239641773330867,-4.880032562683608,-1.8398710579232607,-0.9864100136707589,3.7389120671056437,-3.762808644371864,4.924770212306751,2.2405542952886646,-10.879128325072045,2
1.8890454277765134,-4.333037959716495,-10.45065295328463,7.366111435298257,11.333189835163218,6.079224051306098,-1.1507899056249706,-9.389582133833413,3.5751038095654875,-3.0417760948958796,3
4.196579981130295,-6.970409898112603,-9.847133294468948,8.415459775290493,10.471334181004739,8.99200071941572,-5.164012094870944,-7.848690145814555,4.361375414115057,-3.1821061386656186,3
3.7560876694198058,-7.793640051476237,-4.276759316355444,-1.6856427254575828,-0.29680620047926876,1.7124556669567959,-8.24901183702159,2.1435087378538635,1.5840181994377553,-10.118454351142889,2
-1.1001406233088007,-5.092665727191405,-4.502710504088566,-1.1289228244528158,0.004013987739211133,4.23720683364028,-5.5485315719141255,-3.431114134524342,3.0547863783836373,-8.474674813618993,2
2.147271834202516,-6.8451207257607365,-5.4973374302041025,-0.32932730469384675,-3.230946988768842,6.67863982203371,-3.6427421709128827,1.2465049537700232,1.4432429231111898,-10.127585838926004,2
-2.389936883212402,7.720412572787174,6.036325463455281,2.7601404547842314,-5.089240751095805,-5.609765989912008,-6.73922232599734,6.253052492377567,4.657088366132827,4.556650765305708,0
-1.4666275687017274,-5.64294345736195,-5.514393151883843,-3.3092381896114063,-2.440913071921509,5.183918946325248,-2.809448132640123,1.8889456855084712,3.5727384010148038,-11.903445857185336,2
4.012065829275708,-5.688429478336207,-4.03693504006531,-1.8961391232792666,1.620409485753037,3.0379644329009734,-6.705403011266718,-1.2604487292402489,2.606597614693098,-6.61054739429847,2
-3.8344451409444433,10.15548346538464,3.1133605231430677,-1.636594517388306,-10.134712066917595,-6.783939699953183,-8.318882753193046,5.514889665289886,3.2994851524189235,0.8384114313829891,0
3.1266055101107795,-8.861430152563447,-3.858380064753259,-1.9444825420168432,-0.8642433818433967,1.5305639111181035,-5.6855451088858455,4.709750847066717,1.1282128397268845,-10.527145941310687,2
-4.63380505050496,9.961470989468685,2.801030367760495,5.073038493975811,-8.446133775823744,-7.524232625687298,-7.211293321896671,4.861794282630793,2.4772201040724346,6.7757370644857655,0
5.421029827083805,-3.9661306277088477,-10.883251327151875,8.470358589981904,8.622311250591594,7.146456032481876,-2.5350175065035208,-9.724343067923794,3.820337558077013,-5.236804789520246,3
4.0535095266277335,-5.535721678922583,-9.08071257940077,8.581319392307227,10.332955599321554,8.71308728818636,-3.6550962175661863,-8.98481942829314,1.6989285280720465,-4.087360654032424,3
4.002847239458,-6.771669246960224,-9.054160129811887,10.289495020641832,11.240454529642912,6.127749458789918,-5.450125215631168,-11.59449695209658,2.3125610161727774,-2.431374618503896,3
-4.1456389895196954,13.199060679569243,2.6278440732286974,-0.4552075416347323,-4.563405444151135,-5.296784205350075,-7.5900881225317,8.580213934027263,1.9978066891703463,2.3669428129492456,0
-0.06524957865814862,-12.888280105930017,-5.775868671461145,-0.7593567613548491,0.1552927158374613,5.260492701956025,-6.051124924268912,-1.0930823168785786,2.257809142044418,-7.539235186638815,2
1.7651179200256466,-5.7217513663290935,-3.3140148622225145,-2.1391263415353623,-1.5568448741993581,6.443641458398184,-6.253989717032319,1.2002999881238021,0.8544273270048933,-9.436129694359128,2
-3.94284226425836,5.281212894052201,4.474517464542703,1.729674667174165,-3.852727704667008,-5.618486224166391,-10.88670140529442,11.03170804816708,4.464367625914882,5.325646962858141,0
2.2206729322075835,-9.340539305391655,-5.9628094393172075,9.229513521856584,11.014888858251663,8.615658799414408,-3.2318135082425363,-9.231039409497951,5.636087285581638,-1.195439110298782,3
3.088745211707248,-6.373711275183219,-7.709130537392442,-0.5448811590044538,-0.37346262366603356,8.472583323048084,-5.118127702251462,2.487334683743757,2.781382000141104,-6.378540233194549,2
-2.825213420210729,8.160523988303481,2.6156700857077664,-1.3365436597908067,-5.233286023227441,-6.733473658899139,-11.418249556118118,4.733365371371471,1.3507308362839192,7.499494606499695,0
-10.022344214932692,8.781231466328247,11.502285788699481,-4.887298135713085,-9.118735657366463,-7.461457811273208,-1.8723885499504487,4.672014178384607,-4.533066251633602,-7.935265966317251,1
-1.7139176479866851,-5.707923877944543,-8.287273121808278,-2.615847971759848,-5.034223955371674,5.062923618786989,-2.719768045223738,1.0059845511438223,0.12130416731098181,-9.133398723478212,2
-0.3972059454455801,-5.658066959272212,-6.161541067149086,-4.177633608832236,-3.8121706968906346,4.7007149340889995,-4.055899439876848,1.3159449451601455,3.8051356012969197,-8.026706653732173,2
-8.888710064948135,7.390087849555865,6.45792432183029,-9.30571045336738,-6.5247001544515095,-7.998021916932841,-2.084374589688922,-0.6039519165463125,-1.5946314587481785,-5.446532878847968,1
-2.0192644808353046,8.000399777456062,3.697802224991456,2.4372695586560047,-9.775795874145919,-9.695037142029058,-10.275216199140882,6.896628612075009,2.644115366060185,7.112163989820013,0
-3.1946266561062893,7.409731589755084,4.317307412896083,2.781271397569809,-3.1072553887302097,-6.530953967612269,-8.323226975190481,7.174631083966369,-1.8152421957339073,4.1084238050224755,0
-5.405225423885238,4.616674214958158,5.519907736334766,0.9690612352355097,-8.922092825412697,-5.46339669867724,-8.350726329093613,6.195365654025246,-0.5383085624776132,5.906366212481198,0
-7.682036846257461,9.972445373643534,5.42397806672756,-5.030210736022274,-8.65095307049931,-6.1147903913782775,-3.9816151220981673,0.07889491809967786,-1.6181746500355467,-7.93911528703444,1
0.26597869300572996,-9.149610226228512,-3.9360363943477568,-3.92539368649218,0.10952752229175877,-0.005734097948509209,-7.720228087088405,-1.967419153549868,1.3356100204958654,-10.147087262580323,2
-3.1524677254875155,13.167782095320003,5.403749740691208,2.8332529783228715,-4.819060283087586,-6.40253127522292,-9.356412048277416,6.930823217328746,1.8790977160360478,4.087007082901225,0
-11.99471182486224,7.31410821875368,5.674446973618581,-6.457060422067495,-7.903492788252902,-8.924143131431112,-4.827396795757622,0.8579818728727,-0.17104069548655576,-5.290263302255804,1
-4.460944129007416,11.121569721414001,2.741081058564215,7.237933813615514,-5.892991389389492,-6.510437345886199,-10.555043316998438,8.724142674316687,0.8710245823886278,4.405471185211632,0
2.594447328068541,-4.751693218365062,-2.9509176593979696,-4.373833691620254,4.091779517698503,6.233069849816232,-3.455742880834776,-0.01874009888222572,2.9150098666517485,-7.392054736563235,2
0.6730509094255159,-8.729529021919737,-7.699244135471819,-1.7296783732897545,-4.540890072335981,3.2466315653287476,-10.157700374989872,0.11254938269044643,1.5476504566971057,-9.724384171972773,2
-0.9301188851275701,-6.384124962683567,-4.5852424247513595,-1.9139523389159465,0.5023450565837455,6.23475321420534,-4.690998004532059,0.14562419578769378,-0.5256953993706395,-6.955363383958453,2
1.043109321005442,-11.990731521898038,-4.981548519344577,-0.8458156700913528,0.1966594902404788,6.559891723481425,-6.566510960581765,-2.27337270416734,2.8788800204897846,-10.739555365669295,2
0.35823172084464283,-6.150912851853298,-7.115249519518274,7.83642988466644,11.017577948357088,3.709579766728389,-1.003489218167466,-8.018259189940805,2.4918377143053783,-1.795313670062842,3
-3.672559450950038,6.984772666812588,3.341323746096087,-0.47471084958378107,-6.811460254632818,-8.42005605539323,-8.370755933054514,4.211731623091449,2.6840606992930898,5.828509479138758,0
-9.941858440315515,6.300960445512393,5.666545321724226,-6.322968773173819,-6.875860160848748,-6.814904694672881,-4.038683540529504,1.454011668816885,0.38793452110735993,-5.474947649735696,1
-2.300795415148998,8.889099872399276,3.131949658494749,1.4118195302071839,-10.265540819542041,-7.076788846865447,-10.815509970937846,5.116344281067161,2.3820885371711324,6.9454561286101075,0
-5.149664037094034,12.677203659907029,6.998759077670675,1.0348183797313224,-10.305896249333024,-4.172364844945121,-9.067407447141246,9.799155539445627,-1.1665550827245585,2.962701510013363,0
-10.038022077700107,8.098191881592967,6.986162159941891,-4.869336487295659,-8.54429881074368,-3.5100450434387835,-4.112331405377769,0.5328278785344526,0.055329219355429116,-3.708984933512158,1
2.356731819075241,-11.217605658254381,-5.352084369048439,9.861204217821781,11.766709855588932,3.0067390807108834,-1.4185942958220754,-3.5835598978168246,1.0429038194885023,0.3458534645995601,3
-1.4262721666431741,10.532596448803615,3.4868580347746625,-3.2089149003490878,-7.972116087656236,-6.096501582470854,-11.796150894184269,7.690242755057015,1.9916805365181844,5.320034555123086,0
6.077792898736112,-9.65591282607029,-4.014599529473852,-5.259778384534357,-2.2699900700534084,3.867265261027123,-3.5273563439496827,-0.5077705879312872,3.9850500446288826,-7.862749966423009,2
-7.116745730439643,7.256089683941788,8.009285026909335,-3.368202761478527,-9.920675823871022,-5.692606151093369,-4.923514802824588,0.33208328644146545,-0.6657466600810125,-5.149874324266266,1
-2.8591171364435675,7.502795809212632,5.712898523368908,0.17623372035865748,-6.823264876413013,-6.898347586564354,-6.666536624972855,8.272919381258609,1.9722463173738878,5.796984154321483,0
-3.9178850041382685,6.197363535471203,1.526620489180294,3.1851895866320112,-9.440485896143837,-3.3705212293072173,-13.002186572403454,10.71643565207878,2.4443351692694124,3.968025332180124,0
0.37623812031722403,-5.045925171782848,-7.9864625628822425,11.500749250137698,7.978262491936176,4.702009164081703,-1.7155848015777897,-7.195915103212101,0.5947858368896202,-2.2755601541345136,3
5.571506117549864,-4.163645543534646,-2.6858630348041435,0.890834683415954,-4.191846731014828,4.654622955334969,-7.47713127819671,1.727647415786919,-0.2519901019634414,-7.556001446925074,2
1.9817485314112095,-8.331338060653783,-10.016004409300173,1.43318091487716,1.2989389927740635,4.950917778010281,-5.968886257351609,-2.058619926362891,5.23973713286258,-5.276414356053822,2
0.27096137972863343,-5.636215444653055,-5.267152878029021,8.782659977575419,9.968262808639434,8.072903276234833,-5.5295124889330864,-7.3129296333014375,2.2036803175788204,0.5326987517740496,3
3.0655456002022974,-2.393074577160676,-8.975132809617373,10.159982980914531,9.098697721774228,10.05243815184182,-7.402167950463098,-7.857315630533606,0.4335724631190154,-6.210093266281406,3
1.805638769447097,-5.312163246493568,-8.826115218666652,6.075854962844218,9.463793406831263,8.265675246079946,-3.966157428240557,-6.49632747669415,1.5936015588950312,-1.2494717117476772,3
-5.63542894505298,6.269713819817783,9.883277965945684,-5.544505911388051,-8.161068752504244,-8.992537054409304,-4.293395922363312,2.338428856493676,-1.6161978679127535,-1.1531073355444663,1
-9.050056231593736,8.711812492245064,7.891996595720538,-6.492438458521745,-5.609299868053615,-6.39043543030128,-1.6630546392649093,0.3923411854677848,-4.907164563571448,-1.651574194611178,1
2.550117874834332,-4.401158431211218,-7.7409618535088915,7.25509158567245,13.66976500947451,6.556613889005688,-4.202405069775599,-6.11870687376118,4.183562422103282,-0.39849373932931886,3
2.030195445867022,-9.688228192012447,0.03457997432268112,0.5161216493722276,0.47929365986518535,4.078714529985433,-6.1045830385088795,-0.03603139381742898,2.509993986472005,-6.1689888693373724,2
4.747865113367382,-5.318383499590872,-5.95828773436776,-4.938333036661656,-0.17785988288660404,4.014871153494131,-5.801555072516391,-0.6809664133416041,-1.714025451690417,-13.531927783848964,2
2.641715487293194,-3.946408988780945,-5.623173020343616,0.9633607109894835,0.6717106724102857,6.8095993995649895,-5.53847544812651,-0.2123684678766662,4.249354694188595,-8.790272005903951,2
-2.7404941878292313,8.412078737019744,1.6828348554932466,0.5334812671513147,-7.800904733070845,-4.765865140838115,-8.151091177499087,3.7974426047732353,2.6704681736537657,3.391286995088276,0
-9.241626785343135,9.886103439056887,6.202448306738826,-2.7734909092303126,-9.56530861281102,-7.9889038524918154,-4.12166466110734,-2.7912489896635773,-1.7128084360218274,-0.8524768645831249,1
3.219626835301533,-6.407330313742343,-10.402048099853047,8.990257057435503,6.249570031003901,8.468481754125813,-4.318292655525089,-5.809457831361669,2.6315971560510514,-2.244102102021139,3
-12.581368624264108,8.098149174426089,6.481976876427714,-8.652508225831538,-8.207220282108613,-8.33982454709432,-3.5006204820113576,0.6338173067172581,-2.804574733832192,-3.8217754517603653,1
-10.880238472333021,7.799813029939379,5.683365771644371,-7.659875002951901,-6.118160023868397,-3.0825528859922025,-3.2689965945771875,-0.009578371607817937,-1.9447221649887734,-7.301798813432475,1
3.325680437640791,-3.76114294959199,-7.804180266156458,7.975242529486241,8.415554988435465,6.6450568698767,-6.488847460425024,-8.333075550600707,5.877754766703645,-5.579457827538535,3
-2.7772319563985857,9.043662517656715,3.0700822100636214,3.26973055162845,-7.121523488366833,-6.041044705461891,-10.61331211224021,6.448606314851882,3.4670629505197184,3.415785251737375,0
2.0502841766476934,-8.268787011855904,-7.186047647657171,-2.029576711447689,2.6312658276352026,5.740322489427149,-5.555996122337707,1.6701342785059514,-0.6903696158525485,-5.6659624293408335,2
1.7790480761312248,-9.788307050642793,-4.144795144187801,6.508686748221875,7.248708093796829,5.2874285535564205,-1.3315731668278317,-8.017539721347013,1.2123889381822126,1.311726596306706,3
0.2963909988194482,6.21058400261376,5.813593023828642,6.354080935560689,-8.860699841412647,-8.01270505248149,-8.639025026460727,6.3165716072663045,-1.0790266272680897,4.298577505532964,0
1.5442048824337906,-10.433257505164818,-4.682426069927972,-3.345537024948438,1.0420092769036602,6.628486475993981,-8.36526260009804,0.6291975410943076,3.191353720698957,-6.01492902682438,2
-1.4403893072312637,-7.249697909657044,-7.2333099766509195,6.429246506913076,11.409605963592373,7.143496604497898,-5.376191260474663,-8.329616994548017,6.8813041455252035,0.2701455018037586,3
4.2281091764464,-6.403200850854685,-9.720946480685864,3.8706115529548697,8.975870816545482,5.515921970695523,-3.1269922277418356,-8.354368173821697,3.043890411369549,-4.755747986222414,3
6.1336378748625755,-5.803690505157737,-5.518161003147132,7.839414347721599,7.718413529041226,6.249796459787067,-3.0378425397967894,-8.834531082358563,4.760196910980105,-0.584171161061145,3
3.866694688611452,-5.482378464118583,-9.213568141529988,11.141935371052949,9.05457243123162,4.464622613660435,-5.425666014339276,-10.004039392491855,3.139840497035763,1.270498431464413,3
3.340829838091898,-5.849662370123904,-8.030612434300567,-4.195473673744047,-2.635126821306214,5.903293136678699,-5.045035197296838,3.2781095831641953,0.8583604165047036,-10.066136742218474,2
-10.875409778718875,11.458118678402208,5.979302151795354,-6.56051471291847,-8.273745814556694,-5.484711671744401,0.20989469767704438,-1.6399371958637885,-1.312660713812169,-1.3509760852083028,1
6.336682086019442,-7.208757149044198,-2.5928470262327186,-4.254561897461272,-2.438306208102558,7.867488846360157,-8.705676779935871,-0.5457387675383105,1.916346199385314,-8.84824654191994,2
0.38475814565471556,9.407395681221471,6.703567915165371,-0.9979510621332119,-6.345526659412752,-5.100848002029073,-8.673759778085161,9.454483665629406,0.9877233346634313,6.980146436292069,0
2.9236623457248885,-4.913989083160992,-10.05742944668032,3.149198765432784,10.359087032965254,3.7273055824412697,-7.942402212777409,-13.711209569840603,5.31262225063862,-0.93971522439804,3
-0.7690621616752418,10.005649904143532,4.940716646515254,2.703091688873183,-2.07279602067472,-6.995347187343118,-8.436129663206076,9.424831707513928,4.233352100780143,6.535512167041669,0
-2.557906807574716,13.298826845422049,8.094965176429524,2.845817023288796,-6.803620234814869,-6.640046939839424,-7.611291811175177,5.2779377851018925,1.5075471600174855,0.82428340816573,0
-2.1471545056453363,6.420622232286629,5.439254739733385,0.6704558963570739,-7.936860554650783,-5.70738155576576,-6.3617616137687385,7.366066068970826,2.639966260062103,7.565881445191385,0
-8.318867176960412,11.617596727152332,7.468490129865461,-6.235733095671562,-5.018353253452525,-2.5321459331408924,-4.180422633574393,-1.4539299766965257,0.8530617114162604,-4.416179523946358,1
2.038869293965052,-8.415764098527086,-3.292581128027326,-1.7326747593897616,-2.2938521053033325,4.279171499508186,-6.227855093947465,-1.5085956863581838,3.5322587681451036,-9.809406146494938,2
2.8786293463129575,-6.822018899747415,-6.697229206719701,-2.0988514255227484,-2.542510150648183,4.426953774803285,-7.637275613465048,-1.8477810955262175,6.097834183274773,-6.408313621623239,2
-9.686104481032162,6.587817349632736,6.544043914853496,-2.3450067539234944,-3.8697172247885487,-6.4559178216633875,-2.0122565866930726,-0.2378854080913464,-4.768842800811123,-6.02434917229827,1
0.27121747498187654,10.129906740902046,4.660584075914863,-0.6505027807595871,-9.009854517302015,-7.490559001985282,-10.057352160954576,6.9495803095278115,2.13560008465839,5.22083706463437,0
-4.671324278252545,10.24615734208685,5.826081352164869,1.3540768053127514,-6.227361146667034,-9.382336746046553,-6.990273718222208,6.953718642612725,0.9768541938260966,6.259470007594688,0
-6.756989071672364,7.9627760848368,3.1216135131207055,2.2739572568931474,-6.196115239596951,-3.127767914844174,-6.93748008026391,6.169715604173897,0.22547089216745975,5.14528989893392,0
1.3298600725693064,-2.95172046185352,-6.344598213925732,9.251204039865128,4.704216789603254,5.445928515824082,1.4983305122775805,-8.507881053151738,5.891095674350454,1.6869346786972286,3
-11.833399726572779,7.563191401211359,8.684175749695441,-5.210227164783181,-5.260548105378941,-5.65073137013033,-3.133763298952957,-2.1578156239774087,0.7335357860852114,-1.8362372111836143,1
0.2888142020148532,-5.803266953384545,-6.771846593757565,-5.868507403115841,-2.1386502747270693,7.167430232879965,-6.400367972826585,-0.6444733879590041,1.9370089722720638,-12.56240661131935,2
-4.145595389897364,9.007537213376418,4.299509591178245,1.0667135852861818,-5.486852296237839,-4.969499176134925,-8.661513984052316,10.278583077609227,-0.26107799340283444,3.7741326373614728,0
-2.2646026169881828,10.100882186271097,4.73759897687951,2.054353066348497,-8.28361056676478,-8.205911428377842,-11.643538300235397,10.822676401872581,-0.4654262359183945,2.7756411603290942,0
0.6225234647530735,-4.837169662868019,-10.117830454951362,10.266901609897019,8.547735866152607,2.216020362545982,-5.048352752105519,-10.404774148598019,3.7524659776078124,-3.5777655965569535,3
-1.2304462171841375,-8.546516617987383,-3.1885326528546063,8.36648951675906,10.77455861424362,4.866627307592454,-8.0883304142389,-8.387074213464132,3.153451409670927,-1.996706602544716,3
-3.239103082138521,7.335866793520308,2.5502604481860343,-1.9595434948112715,-2.7672129312706257,-9.086526324719312,-9.280835003807555,6.769896315720862,2.6371136304823772,5.792925980999502,0
3.281559166483147,-7.4059532798449705,0.38776241159812663,-0.8946888895663818,0.26888852634954574,3.150910394783601,-8.583139591759881,0.8701197325559393,2.1393337727773316,-10.299236875616678,2
-10.250926880450596,8.173723574224386,4.47855176289284,-7.404038846392387,-0.46531180524053717,-3.84255064145775,-6.617303873225288,-2.149787280842383,-0.3973675037207022,-3.0808876012832274,1
-2.142785515509517,-4.820938345931701,-2.240335389611552,-2.5694411804240063,-0.4204509392478754,7.852155253291396,-5.55784504327664,2.092723877794861,1.2533269754931495,-6.447024268452152,2
-1.0390002204244437,-10.782873717668537,-5.401176640404399,-1.5072879677784372,0.11514686535591367,7.843062137827973,-8.405919413563423,-4.347598957665521,3.5643197678451406,-10.727384291530514,2
2.6904263914367843,-8.333238279620414,-5.2632866631239015,-1.2810354559385952,1.468284237605609,5.158429785136654,-6.687721770652528,1.2849748345,-0.8655797621583008,-8.624685636104651,2
-5.563769222682421,11.445616135453848,7.1474700072918935,-3.66304083826497,-6.073724989664205,-6.284103716361413,-4.617983612236711,3.6219553503089736,-2.997956959041688,-1.1106817466829293,1
0.6431728106468435,-5.824210423299187,-6.449103049687928,5.492166797304584,10.131517722775692,5.614603418890931,-3.680935832599208,-7.12856971652374,3.308255652697495,-1.4041238320195344,3
0.15428348744665654,-5.551931491350727,-6.971911655251367,9.320649380247447,11.617936868014572,3.7331393753353175,-2.971823772268883,-10.387119132665871,1.4564978137769624,-2.4588117926835533,3
-4.443149909311176,8.918863415914362,4.632673758046964,-0.3435596944443535,-3.872830587616969,-5.125385012124604,-9.280256104295338,7.377294593487765,2.4390658507592806,0.0779818190723276,0
-2.98709371678557,7.199158804115125,3.486336175091436,3.483952135592244,-5.877792815902509,-8.835220082873048,-8.63966314577756,8.82629716224228,-1.3165103273785679,5.248171940680779,0
-0.07874733667606204,-4.195695628731466,-9.892757709758353,5.628771824160175,9.09459382156426,6.236697580382142,-3.5865457501890674,-5.322292912502164,3.2117628567714185,-1.4361893739455158,3
-10.41430575837082,7.544800425545264,6.585974475258883,-7.450075054816106,-5.217245029375587,-9.903642786799546,-4.634414485714171,1.0973433110282413,-0.9934305945126765,1.210650131921832,1
3.5143782317337946,-5.093886136784862,-3.4218673488762152,-2.3765842945296134,-2.640736988981865,4.279077700562171,-3.6330551164781437,3.1573595796841896,1.3720705046167416,-8.978986251093497,2
3.7465244905832082,-6.811274814985628,-3.2110304649752064,-3.963907278196956,-4.200767146793625,6.710023357359282,-10.133330661791714,-0.35001221621283707,3.7306551100807894,-8.687196273853973,2
2.481704358628175,-9.353552663639045,-9.666202419405284,10.661272294634692,7.210200601926182,1.104408329827594,-4.361936632094439,-8.330072827927399,3.955787363072556,0.26008716182109937,3
-1.5974220788895348,13.34429081800049,3.3528423754678154,3.8288499401032063,-6.765600941357101,-6.342925035549433,-5.781390903810947,8.33919442807795,3.0988923929634415,6.306466230540513,0
1.9042089099365456,-5.971422640188862,-10.010343579217297,8.50628825535333,7.433714177519222,8.406436797457413,-4.496636131708655,-5.1410466296199555,6.742156231324954,-1.3590420546514606,3
1.0572732589363742,-5.8127451599250755,-4.106685294215473,-5.758999590011907,-0.5500107849181424,10.095965512165872,-5.020551439803887,0.16965326226130628,3.998978181154645,-8.649654815193824,2
0.1882451649938368,-9.399151414109184,-8.484552216214142,8.340018034077204,10.565510006399077,6.008130057004122,-3.497573938063327,-11.293322779754808,7.461534409471651,-1.5254340952720369,3
0.13704231613847817,-6.493866886684804,-9.827360500015383,5.9896351584871645,11.822932238240995,5.172601915471143,-6.443998226483211,-8.383075988847406,3.821403662178455,-4.68988357636604,3
-9.067425587416839,8.320513330854409,4.631743447856019,-9.678469169779635,-5.664200561258601,-9.461515345655434,-3.724466741926629,-0.03176779951974096,-0.0028140762812942643,-4.77950819501889,1
-8.90073435098418,9.300892340098983,6.714446806831608,-7.270208455834616,-6.824302084269522,-8.180376091467933,-2.1347583185596717,2.5656273020922624,-5.053475351633873,-6.034438916423982,1
-11.344275287597073,7.744436335160166,6.1958950322053825,-5.01848677280212,-4.536331403391489,-7.938267704292013,-0.9297780028902021,-0.04711856944038029,-1.4038342158545576,-5.669840554334808,1
-9.977704706317315,9.269820689022891,6.832357784905182,-5.248736993581122,-6.595958742101904,-5.902483436590271,-0.7589190256848766,2.466028003875194,0.3772095578361079,-5.0864962480869025,1
-2.451707977183115,11.57118985341292,5.022076972267908,2.0660427802530297,-9.599339473111108,-5.387602461221505,-7.54735939435386,11.650032362109624,1.406743764958174,4.599752211248787,0
-5.012276471433639,11.901815336344841,4.475576479442964,4.207761347116987,-6.194176498395862,-5.966603154968379,-7.698793196171603,8.218940035533333,3.3077457545992637,6.819756616185772,0
-11.399774715809189,8.090664365942246,5.457530227921452,-3.0043416000928422,-10.634849083815379,-0.056412735611336196,-1.803041522677142,0.9416064609030765,-1.4708876283902579,-3.6043090463238476,1
2.932181122054694,-7.03672738813037,-3.445769132169178,-2.2896083417379867,0.13388166295257165,8.598130626643886,-4.870317946575513,-1.8146222295476497,4.573417082665754,-5.78976261862347,2
-6.634441261847402,7.0626379407040165,7.082403943533694,-7.947822841700165,-7.54123430933538,-8.006434665030724,-5.130905662160881,-0.5831167736531999,-2.4576372170078393,-2.508749372478547,1
2.4498092173553854,-5.048017107016595,-3.9355410768293178,10.632182960381513,11.632320594267876,5.1560145643535105,-5.959460828471539,-7.921895020634076,3.89900036076233,-3.3539756079371674,3
-10.22800516059364,9.701713027737366,4.97856701274839,-1.5741403430449301,-9.578822710094105,-5.962428645139875,0.13205729765003316,0.5087283217647528,-1.741177697160674,-4.890308041660016,1
2.6632382494173226,-4.202895514399918,-10.242449769487974,7.981787051430982,8.287572440198087,4.564891782120139,-4.602097606757112,-6.504953279896379,1.5769895395144462,-0.34132133490216665,3
-3.7839718776657856,11.392319190413424,7.480887332207811,0.8316770964417795,-8.544338337359727,-5.937278480503139,-9.942773845197953,8.589386551009724,2.428146276566775,1.129963325926445,0
-2.641357220347383,6.592253728673408,3.3362066206237833,2.06796702657356,-8.600453921719176,-7.649220681735597,-6.825742138207129,6.169739176452405,3.6936844589944595,1.9020378466056727,0
-3.003552388093944,7.650317632202724,2.6366388164382704,1.410969098168822,-3.284254137452225,-5.598423870741927,-9.980685736201604,8.468688478211021,4.8210111080361795,6.010718921746447,0
-11.050222665514898,10.914040743087124,8.019868293588845,-2.056000119841654,-6.714628546856419,-4.99460019341551,-3.7190200617313565,3.086872196370786,-2.798764402375146,-2.685406570284599,1
3.2194732252715825,-7.926181546453135,-4.435901430622105,-1.1934568306768232,-4.697312490673866,8.340123877565611,-5.861163308174123,-0.5382975208521279,1.6698230687979518,-9.146133035559007,2
-1.4495892672221846,11.897423369514122,-0.30341016402647725,0.3793791729997784,-5.72548293679019,-7.286200365361932,-8.096036009893393,6.1155525420670624,2.1954798098099753,3.85009708513675,0
0.042321256505456706,-10.163972642022966,-5.635849844213709,-0.2889644652990202,1.0214313416800107,6.1895286719690725,-9.071925476612668,-0.10787253450364104,2.451691395044321,-8.719919286442849,2
-0.04154361170836385,-6.725260289653134,-7.835704881019215,10.457061681302333,14.456631296481124,1.6690820539276938,-2.6902534382837526,-9.160818865016784,2.5118302324655906,-2.436494381715728,3
-8.807380414226172,9.191753537374893,7.179577514807693,-6.918735101657641,-11.241134972410846,-6.600468127303932,-1.0696588686093653,2.3475594371279422,0.5696953420246562,-1.7031557524267256,1
0.546749977595272,-6.103344820810309,-4.2249574811514545,-5.862275050452831,-0.037201053622322844,4.547677674194851,-4.244230915206067,0.287340145741047,2.639133348016926,-10.986129655630469,2
-0.35183595619015895,8.937269189196908,4.294624236346462,3.740489558914077,-5.574981434324431,-10.032893907244446,-5.885247057184219,10.083705623793605,0.7711748318451168,4.9530586227957265,0
2.8716344698384884,-8.410807700619149,-6.156837488280343,7.017586141385438,6.077039433860513,6.929503105059325,-5.542540885361266,-7.403974778357545,-1.1226766719579233,1.587961757758162,3
-1.5211372504872727,9.535633659846136,3.539268528537261,0.6299229480646289,-6.930735333134161,-4.534651554757217,-7.751127447447145,6.582294251326491,3.5656976561608653,-1.535633685339242,0
1.6790639794045186,-7.40328801526292,-9.768481481983056,9.567653656484309,6.318125371133898,8.729826115662677,-5.238569212791508,-6.602750748996039,1.1446633354553857,0.14073013588446326,3
2.089112167258834,-7.361453995610823,-0.21202267571602063,-5.444739018924162,0.1325781680124687,8.681745444516853,-1.4636248659872138,-0.52410607809569,2.831150282681249,-7.931471031202751,2
-5.603279407747714,7.86488386767319,5.549738544191276,-4.034042012474873,-7.137761955437017,-6.4227322387958,-3.864378299724425,-3.3442176797505554,-1.3887751193461597,-5.554872744167509,1
2.2033065435768378,-7.196646176786,-8.860802815619786,2.636859273310555,9.73384234008647,5.190994802108502,-0.7223846199668187,-8.007869578248814,1.3067336911732137,-1.2967104334642086,3
1.7389142051415085,-10.55591058958231,-3.348681298740973,-1.241017644744247,-0.42453135792950275,5.055382877442333,-4.823640053329096,1.6451294892256147,2.4630985166802266,-10.720216246469567,2
1.3188772740096062,-8.599323525285453,-6.465832365761606,-6.176420747629605,-1.6584477287781711,6.0196262077005365,-6.199771696862586,-0.5472450876224847,-0.04320074415271247,-7.854499362230108,2
-10.574555758883495,12.285461050177513,4.135839027449923,-4.126807412938522,-6.9214265165216045,-6.891430139922992,-2.3344113487058227,1.1752312217825382,-0.21987363271862326,-2.239047874973439,1
-9.635414415832427,9.049488527434214,7.099468660090319,-6.492271644101194,-6.626445847201323,-4.679815460048311,-4.788683615285681,-2.7180255688326014,2.138068181253156,-1.4125090386581882,1
1.0153426148374582,-6.201156274193129,-7.2831756424381435,-5.031682463141727,1.9915744827851904,5.008914649944587,-3.0999734047477165,0.12822745015519693,-1.835504168674865,-7.286856546136604,2
-11.798035700208992,9.83927989726762,9.084771120619553,-6.779610515461269,-7.7993384373531915,-6.792959053291825,-1.5557047240878252,0.8833438945514727,-2.4235282163728824,-3.207663893663082,1
0.33335769641281976,-3.2204678570472662,-7.014373486266605,9.024102702181416,12.014672166465187,3.14288903173147,-6.569134879194439,-12.402493184261697,2.2858314499965626,-0.8735530717984672,3
0.6167621272281654,-7.797194121240543,-9.59489081719436,6.54809847328938,4.896079109034683,5.706774165281995,-3.636005768369273,-8.151567856949626,3.394903406347364,-1.1108683835071977,3
-1.225344712442261,-4.220246332052691,-4.0744557647544,-1.7867588732314155,1.024499225488805,3.6611943127396724,-5.059580558762349,-0.2505934135253546,3.541832927673837,-13.325446586303036,2
5.661138462483375,-10.705395806615686,-3.2875669001818544,-1.721901769072919,-2.469714451541045,6.552307103582298,-3.447487017312488,-4.148948910435896,2.853780992222479,-14.0575333862602,2
-1.2087952671354283,8.815934400639556,8.333152828323433,-0.16699984871157314,-9.930677533000747,-8.263925733038436,-8.929499789347005,7.8102018141440865,1.539828119151516,4.865562348949503,0
-9.949093477608766,12.143893992592947,2.225128993349422,-2.686350383841826,-9.211414960758278,-6.865214461400154,-4.773643981406569,1.6722351721861968,-4.55734833092518,-3.251071863875276,1
2.6561263549731784,-9.393373131277368,-3.6894109777164403,-0.6018763012922763,-2.55072461985933,8.552510870354169,-6.189936405123058,-1.4908502548048488,3.8435555310813387,-9.644580217076584,2
0.6628360092379539,6.538655130544623,8.905945585540636,-1.9310059151042718,-7.183197381222437,-5.703475180306794,-8.276344021165945,6.078123875857516,1.606055734149625,3.175449686603243,0
3.442072462377153,-6.550755050858119,-13.339599336755256,10.542970397699703,9.264174993751803,8.572849458295366,-6.098265654218196,-14.399965346264324,4.242828246933508,-0.6138227718440276,3
-8.623812208722637,6.92287219858529,8.387164944786981,-3.9786361119009928,-7.890072864215151,-6.2560341320361195,-2.548497155187107,0.07650099348603412,0.7848564683743384,0.5523277931995603,1
-4.721867571064807,6.62187288003698,6.264930481016497,4.685649741082377,-7.023647434311938,-4.873043797491898,-8.115055706540742,6.033283406288454,2.7450914458810036,7.237524688852847,0
-13.528517749507621,11.183391719838504,4.226508957446873,-4.291689548301428,-6.33495452018512,-8.239788641724614,-4.729227766662807,1.8677655465581589,-1.1493107209272166,-3.006591235094193,1
-1.231737178994381,6.728276302737354,7.906741900830293,-0.31952110209664397,-6.274356260673204,-8.388661293314662,-8.966604449821995,7.981047736105664,2.665014665764722,5.005293064391479,0
4.33126398006966,-8.085709655497464,-12.6336182687464,8.935221186514182,9.899715721428468,6.6667823376993045,-4.561071111550675,-7.797053520544453,6.715550146947633,-0.4334817872829545,3
-0.19750748999336887,-6.891197773350904,-5.942682060279405,-1.6455342056639735,-0.8091728181541569,1.7665108009841655,-4.696573188389426,1.9062860594556523,-0.1394339724288569,-8.230608659810063,2
1.4812910631397627,-10.177359752638097,-9.832378356404515,7.778067957232543,7.998370736935071,4.772509154532732,-5.214650407982202,-8.819640951667841,2.4135783326120244,-0.7803051079567888,3
8.54117136347176,-9.457110853438358,-3.671343002995087,-6.8369605405041405,0.22769799709913774,4.607118631526728,-2.159632767182899,-1.2645411717649313,-1.5300746986936735,-10.013519227005084,2
-2.574704163484747,7.927436585930792,3.2141872708737727,2.186030139324526,-7.389581625992981,-3.8721236161105694,-14.140267373422034,9.506536619343628,4.514470619859434,0.014671091104609957,0
-0.841420588300533,-8.425941859273752,-6.0534792065241385,8.639465373781034,9.47178773137552,7.6855957946564395,-2.51507889237194,-7.488958095101401,3.267323787802206,-1.8222870166726877,3
2.273091638536483,-6.264862095272352,-6.89082375585729,-1.4876285864315046,-6.287383578864831,4.443750123132652,-6.983072041735895,1.5513424204147095,1.893553082594588,-11.882117853312618,2
-5.252999908915463,5.787163332444839,7.5822194912153185,1.5545223296369999,-8.217772668471103,-4.800300218483794,-10.049558836109739,10.975542342592576,3.378151977542714,3.1856287396295038,0
-2.521339446132537,10.691267677101605,4.803537553323231,1.7753903775584468,-5.041474225175733,-7.460658681653249,-8.303543128492205,7.96691852789073,0.6861193275780781,6.145536254993955,0
1.6353384001659372,-9.629076657796773,-3.3791495705912693,-2.169815916245142,-1.267138579616319,4.191936227543547,-3.9091101039996787,3.595502994448823,0.8811684095477756,-10.295325579909687,2
2.0100966026833076,-6.767005839710742,-1.6876032012060467,-4.736673618315036,0.3123814796192341,4.5237297149344915,-6.27086306812155,0.42924669904081036,-1.1521523456530223,-10.628665831240914,2
-8.099926171084078,9.03574869680368,5.350106739365584,-3.1106097218884527,-3.5242946468307133,-7.532756934408734,-7.6482350435304784,2.5101560123186015,-2.7303592786776933,-2.594165997713624,1
-2.2700368862244438,7.068148246435211,7.033021839557084,1.656110537886792,-6.934236270171134,-8.746645511422338,-9.72489225901903,5.5539174874449015,1.6764081150173298,7.584868516205596,0
-10.204378682455433,10.957518107778565,9.269470308247652,-2.9618501648545648,-7.487836709014592,-6.750353550420379,-7.282031525251146,-1.1166115003476202,0.56860363903723,-0.9442515489426979,1
-8.001332672979526,5.901133096763525,9.257533301764742,-9.078201762505826,-4.298408247174673,-4.078499529276157,-6.0970880012396425,-0.32649994326441234,-3.5725089641295567,-4.605259256616632,1
-12.324940191749572,13.372749041701502,8.471578260357878,-5.541710203891516,-3.8360873005486504,-8.024541757862796,-2.8281963834690593,0.8947495000821842,-0.8330594644903452,-1.6307101958256256,1
6.133743184027216,-5.159904481795616,-5.46490380594679,-2.6181363744232886,-0.9733417207481524,2.5391657011680184,-7.8873221898015125,-0.836833045687488,-2.2241496284710234,-8.976004809096759,2
4.790988666623965,-6.534075824755747,-6.571150325010068,-4.823387920224642,2.4741857387571256,3.8125054679748107,-8.313225378024725,2.559317853001691,2.5253971298126783,-10.946842898672843,2
3.4697995202559895,-8.197414355709132,-8.08427690687847,8.482205908587249,11.953468681058855,4.419075665649385,-2.6525120214089246,-8.605572646465388,3.36804957422381,-1.5646579115263923,3
3.426108662491184,-6.071977915766326,-6.307905364120991,5.939771183440037,10.321804290445968,7.421023689003106,-6.386849188693066,-11.0522989372371,2.1927762772919346,-2.520033010238557,3
3.8051278951603025,-6.273568901751267,-11.242806142519855,9.400503880007983,11.43795524306624,5.41667963079815,-1.2054964365591565,-5.461067140835908,7.012126194530085,-0.5864638721452672,3
4.673447317956102,-5.095386176202712,-2.412713029149681,-3.302936596514383,-2.0220923995714033,6.368734248508668,-4.1402682121506675,-0.16075263328098155,3.978635308669623,-6.165758254627686,2
-8.546065257325274,10.68862821514,7.760061748015333,-5.574056423923979,-6.75817749647264,-6.634456370238347,-4.304971701514607,2.7626688263788863,-0.17398618259596144,-10.05619446536772,1
1.3216432368850402,-8.579865446052645,-7.5996017677138905,12.580570943599643,6.709464695884525,2.461909996534083,-4.157498387232722,-8.015162127956804,4.1219791437577324,-2.089591155676663,3
2.7514558351594447,-7.691453136019589,-4.141346659906181,-3.323985238423173,-1.207270727430063,6.127705934008623,-7.993241755996707,-1.7470688857077241,-0.9287937304215723,-12.271533954607465,2
3.612898291599729,-5.512647611821265,-7.267499657952729,13.766434546231569,13.682830451563412,4.79451627632263,-0.6599546309102822,-7.280221340354521,4.682852162518636,-4.58149178849463,3
1.2548513698973172,11.705126220508276,7.826252089506895,0.9507383310783617,-8.858836831668432,-7.131683433475243,-8.72687793205862,9.5119059524406,-1.362629024565463,7.220552194842137,0
-8.462548393735242,7.638568336235777,10.622975039407319,-6.815159582058406,-7.033776218200892,-5.647234133952081,-0.8068342993796973,2.2030805857492046,-0.5313686264338643,-3.248840135802949,1
3.92326855909407,-4.884445631889191,-5.317139694603006,-4.985594767613879,0.821558349175826,6.5388807323390745,-5.7916356081510205,1.0594317295382123,2.4946623421572616,-6.503358025892922,2
3.1525602200371896,-8.34646512893829,-7.214050313109169,7.702535660914738,9.74600689941976,5.561246827374953,-4.3454571200038385,-6.514071769791302,1.6042730906113416,2.693440023345893,3
-13.933649206112023,11.09304039754073,5.57819644410059,-5.934284351042798,-5.6995399947199585,-5.950910443373191,-2.4962515065311663,-0.37584410849492944,-0.33488803080551977,-4.694510551206996,1
4.8270290640815015,-6.121682082278468,-2.4655012841697808,-1.6446380292766143,-1.8009397797285183,7.216648577686553,-8.795514494551329,2.392471872863999,-0.5407545022912204,-8.499385172010578,2
3.1440753195565248,-9.174710855468522,-4.039138586116442,-1.77901813252077,-1.5636987173748105,6.044446769853415,-7.9319894874020305,-0.12853379111986074,3.068723716419295,-8.757045823663177,2
0.9447300794140601,8.215013756969118,5.089248287731873,3.8383513476869116,-9.716358657017334,-10.401727217237498,-11.8896403857762,9.848691122353067,0.9185839430792822,9.277850127257413,0
2.7990763950112023,-11.475314039268834,-2.1318322100074933,-2.9890708228708065,5.607585623530186,10.319351729092494,-6.369422495327839,0.07201476320960262,3.8394544052449096,-5.6646465257639695,2
2.048140465563584,-6.370902842910927,-5.884872950475169,-0.11383327081066374,1.2048490124584221,6.870607833884048,-6.265558850559687,1.4444033388624968,0.434506241266152,-7.359880427558621,2
-9.694551420119042,11.84533480807714,8.841791283630203,-7.004572361426902,-9.001995045055523,-6.737871077722637,-5.515232269604539,0.36807948341404706,1.1137766422105932,-5.090020506212741,1
-9.410994932161076,9.792828458051078,5.413549025139735,-6.3853634984885765,-5.131958356315705,-3.9241409285936912,-4.194047692171244,-0.4052498970580659,-1.3600437094444906,-2.9730036981809316,1
0.7182249150645439,9.92135473122628,4.151565565646804,3.9013440205174463,-4.500686213301989,-9.335325223549932,-7.643527616936295,8.7258684001205,1.4271732281441918,6.912865182544148,0
-4.480649715723837,10.02237915923401,3.57936359948322,0.38742401941604365,-7.093687911060385,-8.950594238114695,-9.945626367330375,4.927767130321007,5.951750500696955,4.2319786598643665,0
0.33523643507312584,-6.5730807773614135,-6.140500356176258,-3.93852368389575,-0.4999437010745323,6.298007774620521,-8.384989286987064,2.392660310637985,2.9923039338417956,-10.480448616821812,2
-3.8692470662097316,9.478793522520329,5.226023782825464,0.5444668478879964,-3.148078168861757,-5.932443751452372,-11.220934751041307,8.636630132766363,0.07293689440953277,5.735620763405813,0
5.354636263441378,-10.271045606445917,-0.8978227670700396,-3.4181143020301152,-1.363997811309844,1.923498885494387,-6.916113791588192,-1.794924293781536,0.6329986864939046,-9.345613677177804,2
-11.3667917705406,11.308798159715392,8.400946401068024,-2.807876434932513,-7.571461907796447,-6.791007113652018,-7.194123465860114,-0.2898135794769886,0.6320413940012093,-5.108407954495557,1
-2.3555538409322394,6.448301679821182,6.632412475122381,0.985656517618107,-9.992790988470773,-7.736339915207772,-5.836808175367389,9.023966399725689,1.3249959660484572,3.462936147284051,0
-12.476019746351035,4.80583513696541,5.547779117025269,-8.194642638262794,-7.37978105115261,-6.627470440566267,-4.821651958855273,3.400063701586248,-0.7076100979530451,-3.5744684768175046,1
-3.0283803257799597,6.008000221962109,4.148392708056213,1.4277225444453912,-12.273400477034414,-6.988699326311571,-9.300196817053367,8.71593564512554,5.720212424754866,6.414581615016424,0
0.6371768810437215,-11.026127061205777,-4.943212543418439,-0.6694994837090458,1.9083087393895823,7.124617432455843,-5.1478427112293375,1.0439680650441634,0.7360538837192887,-9.331112332707285,2
-9.128168595701148,10.393683221422675,7.980701320117358,-4.910044565205565,-4.685619654918764,-7.56641617602517,-5.031758648701307,-1.7051798332986325,-0.4820971659172324,-2.617544189014933,1
-2.536192072528618,6.898864270286521,6.28496866043448,-0.4685176160013125,-6.4619000011417596,-10.799449841035498,-11.494699854432872,7.71724538723695,3.4992333948549965,4.50418811830085,0
2.0711082705253427,-9.397996658777348,-8.967328561648259,10.016428236342442,12.659368553796234,4.989042162451785,-7.072580564579867,-6.4128836970103595,0.9234631184438351,-2.0692610082229432,3
2.8857383144773263,-8.27557378339297,-2.4777793004332596,-5.387798213810036,-2.679943080684241,3.7751190850137837,-3.8464122385541852,2.1702657965523837,2.8229018513308395,-6.927132015176451,2
-11.395713835544207,10.046915606683092,4.290773233688831,-3.3778590095113494,-7.292735250454774,-5.929590491185645,-3.348579397716961,-0.02268131476339741,-0.18771202420713573,-5.125224509284211,1
1.6995842766042633,-3.8114688003286465,-7.424318774248265,12.2103108305105,6.527169717157195,6.098845714421294,-7.141151366428615,-8.505322383583255,3.1874288227097827,0.05627714931816863,3
-5.288342556579942,5.7234886342845375,6.685019700247382,6.852674496619278,-4.111081554130234,-5.752291353171227,-7.648819073305439,9.030354033059318,3.540157414437706,4.7238344038596605,0
4.319293526115851,-6.1689114458101795,-8.302181105939436,8.959346038296388,8.277125767046748,6.603551641826673,-2.956547744675422,-11.540349102563432,2.607138855550946,-1.7068440660151518,3
-7.749852244933544,8.061908872161897,10.395448368443526,-3.59312165500518,-7.25814444717549,-3.769877079461098,-3.779444119754439,2.200675982889196,-0.39163399256873566,-5.868130506020909,1
-0.182870118742831,9.034752250237496,2.6768615341321995,2.8973766324672736,-6.48150780000433,-8.080543347593537,-8.698723586655973,6.552895721775183,2.249334925366672,5.485712904963002,0
3.2129492278171865,-6.291763918418788,-6.335832707456117,13.665018850691915,11.054133950667994,8.065573155272462,-3.646344567603822,-8.329609226606218,2.7330696422333354,-2.8491741086370572,3
-2.6857617197552597,14.173704803506958,3.0325297002886398,5.251403294828867,-3.5242255629983887,-7.987286076691936,-7.700361598265459,10.580316161755778,1.2640447528892014,3.7542908357161853,0
1.0197443022807857,-7.532148968556406,-7.262133293351128,8.662216778603696,8.029307021230423,9.498650797576284,-5.620064297856087,-7.975425571806334,4.989272833463598,-4.4596203460421195,3
0.12017662716428434,-12.206244821945042,-3.756187766468179,-1.454952421616902,-0.3544666974858295,1.8043957923515386,-6.708223216985755,-4.15200675182993,4.587693592549219,-11.243100909836217,2
-9.666924689339213,9.129203474436421,7.3165727491455055,-2.89048422277211,-4.19996720051233,-8.956348189794136,-2.671015160197148,3.1529952717155765,-0.5874825857792799,-1.9934563456672274,1
0.3930895925373332,10.932827780368735,8.946243751251213,0.438474558164633,-5.134985917709914,-6.513425581799243,-4.458721890200666,5.7069263447884,0.34285655050262354,2.9626662650328646,0
1.058393431592866,-8.127400059161332,-2.4437020688105253,0.6819910414848125,-2.488943819145033,7.857215517175634,-10.34587919228421,-2.103690033912346,-0.06926553513269984,-11.77600912448149,2
3.4947862536577614,-5.821113382242377,-10.687825183893993,9.47680712426282,6.946528292022409,5.662420452136851,-1.8488984146219347,-6.453153865730838,3.7150264153240036,-3.146563277053657,3
-0.7669482161893655,8.362239063862638,7.042306680555991,1.1570189378976292,-10.955876261506978,-8.896282215110755,-12.579911598687723,6.620495947416086,2.0591369932432793,7.514326180471475,0
-0.8381116984507608,-7.499931945122025,-5.048994457017957,-2.4464822200201204,-1.6048336379704136,1.6886055063702532,-6.7832182334351225,-0.3265494538643934,3.1156134267889675,-10.467391094822144,2
-7.845715519169463,6.706237682746389,6.901611975101259,-1.8753597883179074,-8.364163305069138,-7.687399743981027,-2.8873394414914157,0.8542921965239532,-0.6598394286105668,-3.197042935743834,1
-7.200091307989206,7.435865980960523,5.7200442913896605,-4.829095999930684,-4.796719637292797,-6.834987575020315,-5.110175530192529,3.3398683560417726,2.1166997004374726,-2.2177010944755704,1
0.2571423093435621,-7.280138006971635,-5.779108756553327,-4.900856034450152,-0.3612780199485043,6.128998779575594,-4.4407768869356605,-0.5775623708779656,2.664397070914361,-7.969396601052718,2
-10.518931027644058,9.186300334631614,11.937539510042505,-8.759158443224784,-5.856021332868841,-5.396523459400457,-1.7435824909305513,0.6910949395865481,-0.7449985481494805,-4.958714330882744,1
2.6957398313359864,-5.75458734661158,-6.316796430747456,7.340500691746509,11.496854229456039,5.072136353915351,-6.579449424869813,-6.598284601243327,6.266177378487994,3.978867821853396,3
-9.268273662378375,10.401762515574976,8.883650447813357,-2.8562193266486244,-7.083037947436159,-8.984005175095401,-4.742085463055798,1.0156896458105296,-3.2886174795789067,-6.089719025829247,1
-0.055471724437420544,-4.948410520478376,-8.330350012138203,8.13765529047834,5.50329127456026,9.056771352439396,-6.363084545444702,-9.229113738611733,4.401349552395144,-3.590065982441346,3
-2.3575885066652975,7.659962705174098,6.590118303063604,1.6790549209364547,-8.530621584736293,-7.522881276581933,-8.012464848084761,6.196073809890754,0.37785944373131275,4.648825978904734,0
2.242024800312563,-5.342703249694338,-7.292087874016621,13.28756809983295,8.682047350918939,4.2859015609964635,-3.415557385899769,-9.651117774151409,6.648582067116209,-1.7633862030984382,3
-5.539690867510246,6.671849034054265,7.028265151229227,-7.077182142027695,-5.511726243471916,-6.29361424809982,-5.198128958897865,1.470873202386905,2.247596592415801,-4.557224779493759,1
-10.939726272407174,9.466501878215935,4.47436093828283,-7.924868044204848,-5.004754089944981,-8.629497873248635,-2.5825301389908217,1.4203112183526596,-4.812713084738879,-5.5305465007104715,1
2.3356745574880353,-5.6724434350213695,-5.373560044185155,-1.9465318786371193,-0.2563803333728901,1.924220643667967,-1.9759741359115255,2.865977690117327,1.0539007449488746,-11.275531226511756,2
-12.62405760744557,8.684138641626667,8.429619143048008,-4.602807754221344,-5.3621692130955685,-6.232362428569403,-3.9010288235528927,-0.8255136463021369,0.03655721324738437,-3.333471307260382,1
-9.001194249750693,6.685033433993076,7.581712780875488,-5.824500751029444,-9.593764287669007,-4.0024310940169805,-5.384338294405344,-1.1253762413840047,-0.9599612326957995,-1.8781424971817309,1
-3.9086486390379216,9.442245949666766,4.415222736846442,1.531230484874286,-5.65129379106442,-5.365094173181337,-9.899330051857065,6.171886434209343,1.4721968405608876,-0.4423907735502608,0
0.9033604605444625,-6.814289452275012,-5.372051604536251,-3.4814871195062116,-2.2511585871694493,2.8381766483809674,-5.714851416402038,1.4552876413049087,2.8780585693935943,-7.431141240329577,2
-10.802040469798301,10.31357021534699,1.1538431305579664,-6.752678138737738,-7.41599636889283,-3.555234246514428,-4.685198764234973,1.2611066021266142,-1.0785853469827587,-8.436550155653563,1
-1.7193926043020307,-7.116252982838423,-0.36157299580368285,-4.568548568664139,-2.5472464066424445,7.231578791005992,-9.092127387252098,-0.9808212914978456,3.041173652404355,-10.339563440978852,2
2.327503312447555,-7.107726983196992,-5.160675414918701,-5.4176942298943676,-0.23265130842394421,5.581511284149506,-5.006043417959666,-0.7825118446061012,4.289933974866946,-10.824539308023734,2
-7.822090559789633,9.242522649214282,6.287892988827185,0.6329973492552448,-5.765994839126615,-7.835491903121692,-4.7678703332203325,2.792020051038267,-1.1345588060821563,-7.051973152673895,1
6.844335398657168,-10.16901123323861,-1.638640549722039,-0.3798813933247107,-2.82535799171335,7.717785900806592,-5.334234430780348,-0.17026375163458302,0.20042040329685062,-10.509210648498417,2
3.999872952294732,-5.767852061868,-5.989655230423087,0.038122468084825556,1.461797102733927,5.972112222355858,-5.847328632080733,1.3928043105040468,0.12488523672833352,-9.010928787271881,2
0.1843194791158056,-4.750121641520863,-6.086517880797066,0.5841739754184774,-1.4473696148722992,8.884683373095974,-4.648661776714249,0.010697789387316026,0.8094986335885965,-9.752807500292205,2
-10.833608837552855,9.787411953714372,5.163911644612339,-8.393262808875889,-7.587038837668558,-6.405983397028148,-4.773759589843765,-0.8897133271029547,-4.173734554501353,-4.341628341296551,1
-0.6330197238746962,-3.181313370135934,-8.929187528140888,8.285872086972326,11.0909483110668,3.9244447566174454,-5.4414526925416915,-7.9104131813750795,5.7421985130900985,-0.19358003487039666,3
4.829184018010382,-9.424436420564067,-4.888118903266169,-2.9753615745912105,-3.670178720044251,6.886217711377073,-7.454505020318024,-0.10609193408181539,0.9443926334170945,-10.649668757039393,2
5.092966419662974,-7.988507966589456,-10.773100287434403,10.308448615132326,7.720367055118197,4.267819967396967,-6.794933140872116,-9.012377398793356,3.5192304824501512,-0.7107666698865756,3
-2.927244137624801,7.313245219779722,3.478831936618656,3.150326492781951,-3.5398181824484576,-6.090766533629984,-11.230093880706379,8.212728251938984,4.415563208155477,2.9418857472821447,0
3.3755614660337905,-8.546694306231478,-11.462151577221572,5.381281266248451,4.865492325616794,5.131808923379108,-4.509685241319031,-9.30943177483869,6.171472124617461,1.259110294008297,3
2.983755013870386,-6.58536636602602,-1.771636698462808,-5.1884994459439415,0.5841601894907043,6.8843633503632,-6.290817430713898,0.9620634041156125,3.9072063404375643,-7.326360985543144,2
-3.576918544195693,-7.959766900202775,-6.234194670983582,-5.935314765048057,-3.3534535921044255,5.922336171526213,-3.3492427003363434,0.9110577160021925,0.6352846008093704,-8.159183355258639,2
0.9018761278516116,-5.09555584604475,-8.635985015770418,10.357858097739891,11.488061513806919,7.551184112571998,-3.3614877479452985,-10.042982236895131,3.679088308909335,-2.2631309292396393,3
-11.792894413756798,10.760916064125782,7.466067431411971,-6.368834728712245,-8.040672252752449,-8.105271647498238,-2.8455204681174253,2.953089637622881,-2.6357151212152745,-3.258643788936193,1
-9.417673828953903,7.781665599958034,4.987964002895305,-4.708189575902962,-5.52670421408062,-3.528712617038465,-2.614254955736967,-2.5110319708748787,0.7427956082881519,-6.171538450667987,1
5.536019683095432,-5.068901667000791,-5.6163119689104555,-1.9499284995799602,-3.464883403176576,6.848299850211625,-5.105317531107728,-3.4549439107920956,-0.47527631058387776,-9.63726953908758,2
3.2294562691742223,-8.28075621209448,-3.134107878571914,1.1975449459942924,0.7524017292292446,5.607342213198728,-6.372825298939395,-0.4286575000875099,4.209573202145139,-10.32561863750265,2
-3.8630416236646674,10.237638705880057,6.701877881220003,3.835729922173129,-8.558062237596546,-7.498534344978376,-8.175800893828882,9.274613169743422,1.0639517591735959,3.790133602593275,0
-12.633028486519734,11.623573793219737,5.390326028622859,-2.6857623666014785,-7.435103581962583,-9.746625718117217,-6.148204020706563,2.9667518726586346,-1.6728959830310202,-5.271991789020364,1
1.8469622733966886,-4.46922988891163,-10.486460178461838,8.201780807251762,8.960373654389231,0.36891920259225763,-0.5650294656576342,-9.849309079666671,4.696131395188735,-1.3703523975043905,3
-0.7938783766487114,8.694409068271467,4.601846420422723,-0.03188904533488568,-6.91665346313605,-7.4574268711162235,-8.19289063595983,5.669061028394057,3.0609932633465204,7.226929381926064,0
4.309233196540102,-10.056072637482508,-6.097355550054925,-3.467878665109609,1.5967071993647157,6.463054499942065,-7.942615873853296,-0.33592664249757476,0.619645089048261,-10.490569730067115,2
0.524061419629192,-7.014782033462492,-6.686103843205569,-6.2589760391953195,-1.6442346948852178,5.456061335310601,-6.801883744062014,-2.0833723481728863,1.0484932529785755,-8.532402240438577,2
1.8101255072523745,-8.2151647069273,-7.042850510507791,11.119871745872276,5.163667959458564,6.12387723432068,-1.6640016069440824,-8.419915644499211,5.142787820247866,-0.49461918995380494,3
-2.4180539432451225,7.711085432986687,8.927767014878754,3.2410077285767542,-10.929912364466485,-6.507200963737091,-10.161900686172785,9.028389585091151,0.43725875799877434,3.931978672987111,0
-5.846379763340387,10.177425397981693,4.912267352255703,-4.6839596141896065,-11.634996133891743,-6.325158789737002,-3.259512795123075,2.3436689117204166,-3.3888915317427606,-4.004042873232443,1
0.7768688386297717,-9.290629454940136,-8.850711041664457,5.608375590613893,9.694473709778608,6.095285746244538,-3.613854019759211,-9.090820859912306,9.838381270604145,1.5232816751526528,3
1.0639953553197188,-6.761689978377577,-2.727887448022401,-6.772645691281122,1.4395478142525149,5.031009750498129,-5.155544490352345,2.6791826155626883,-0.8950560172200821,-10.48987375045514,2
-8.242587642150312,10.581825310722643,5.940771394126388,-6.900421332228278,-6.1597880653340145,-3.233869499940949,-6.393369292117047,-2.439921898860123,-1.0315779446846518,-4.073641792327125,1
-8.941974685714388,9.10299187064255,5.716779812271951,-8.942623920968067,-5.336300442718555,-7.397311482255146,-6.254988812229822,-5.249395793918541,-1.4161294372589577,-0.6309140026996731,1
0.47849232962361365,-6.512932547237202,-4.407455886061966,-0.9789989263563381,-1.1090487807636757,4.9336334510401105,-4.9247073197108255,2.037027102654698,0.5116009875472465,-9.193143088304797,2
-0.8361225184775205,-10.8374126916555,-7.256974234483138,7.887338255614022,15.167180846437848,4.179236831067475,-5.750626663390429,-9.177343660443125,4.170929840520116,-2.1373568027785956,3
0.13399957293406706,-10.761313281720845,-11.643042286347992,6.230041095269346,12.069579916414197,6.399596136783114,-3.128515568348611,-12.487399737742575,1.2887276718086143,0.5772094276846009,3
1.7496184403779027,-5.8544967051729655,-6.618106355004732,5.067613204430101,8.574761783428263,6.595564550211348,-5.743676825754059,-4.584218456337723,2.413840769785663,-1.2795354992225387,3
-9.448205787857589,11.721953648456267,4.794146547627287,-5.276479820964907,-4.413105396293128,-5.329721463051634,-3.5359919076117587,2.4972208177790396,-6.7675642131561595,-2.819666556977346,1
4.598794544320776,-6.984758461846101,-9.429450095274102,5.635371200078536,13.384387731854773,7.1059031186261565,-4.891638426271553,-5.390443941898386,1.7391314967231357,-0.3837060567626249,3
-10.356252657988655,9.898597455743275,10.640187795576365,0.46661932557624475,-5.150054537585622,-6.6983030403721,-2.846143843848145,2.2704394843924294,-2.0024348782720685,-0.5849944842145169,1
2.670307845256828,-9.261628154239718,-1.9554642324504266,-0.5500212043798989,0.18541208198460568,6.426841350354306,-2.4841481070980582,0.28406142304868315,-0.5154568736007525,-8.172043919935431,2
-11.173149956083874,8.782273983961806,2.8616234821008644,-5.3266303716886,-6.361089705133539,-7.966087065067705,-2.5966638039444354,2.370268907897874,-4.576219355895633,-5.7008667531715895,1
-0.24855349215166056,-5.191678156092593,-9.518570627881475,10.544428166114729,6.371661559028686,3.642407410932093,-5.459474262865554,-7.888629628536153,2.4024979971664266,0.12115856261886626,3
-0.1377893137267563,10.452192749528455,6.631974207839734,0.4595795068018105,-9.723248524634958,-3.877442289364973,-9.483687434320283,6.821856882588609,4.678688518562291,5.273911574722229,0
-0.7882506463332595,7.848131251060445,4.305635408655278,2.5383295849173315,-7.377009443518364,-3.6654184412359614,-7.856377853359508,8.793278487598338,3.3480627721990013,6.508399270891559,0
-10.896461480338798,5.736931249526972,7.671258015058397,-3.0059006961085615,-6.638397685113372,-4.426160708525446,-0.6905986248319547,3.124957539812852,1.9188294315851007,-2.691162213895377,1
4.939203679273868,-5.437740409789572,-4.2823861839501065,-2.1865162171003796,-1.467085326932196,8.416685999516236,-6.407229512421133,0.7483729525419287,4.14035166552498,-10.625734715291859,2
-1.6926921116238065,5.609118919722641,6.698190110879389,2.918364648766818,-6.3675677225235185,-4.914727625384919,-5.507378867710857,9.352263045534965,-1.659448227799115,1.6022976224495058,0
-1.7107513778421917,10.308678007603804,3.6735059116293534,5.121143210520797,-9.331158517155952,-9.808859353695587,-8.389424119516066,9.417719520723011,5.390155617779913,3.243683030183029,0
-10.636486909953137,9.702906787307331,5.004012951244034,-3.511156451785534,-6.363086526021593,-6.350510445208553,-4.570944573835082,0.8055100003627156,0.2890969021775842,-5.909677627460962,1
4.781913619908974,-6.168524928411163,-9.019806904245105,13.97951174093523,7.201361681893994,5.460575443195209,-6.372587094860587,-6.141633778799983,7.063038397546496,2.1428954376013047,3
-8.853346783135342,8.77113767089509,8.49245581996294,-4.787842012016052,-5.523311674954305,-5.118208616499982,0.1979319888498372,-1.766648238007074,-0.41383547353477623,-6.028179456002238,1
-2.5808497012726535,12.143573439826334,-0.5996113719513874,3.61697469269118,-6.705533054674928,-7.4781242942076815,-8.654806203565006,3.3483850862969176,1.5829564591891518,4.875676698944401,0
3.730736482390471,-4.650379474748356,-8.045257339073535,6.199113284644685,8.921243599197384,8.288126442146552,-4.0107704735818785,-7.040376982624828,3.0471638997508714,-3.256573822291663,3
-13.76236415128809,8.228961581925487,6.5867349502666315,-7.572584620398144,-8.23651340543718,-7.667468915869096,-3.330769684156499,0.12047059583200787,-5.837562093807629,-8.416817501309293,1
0.09535305707871222,-3.387284612679716,-6.718018171300571,-2.2938034916840047,1.1362876307311165,3.193673891855688,-5.637103407270639,2.1605198432935424,1.8732900210553505,-3.3341856342665084,2
2.1684643478250623,-7.064884160176138,-8.54574999939109,7.95418362918206,5.103141650053158,10.252302783398683,-3.597074618133784,-7.250263189627248,3.56884503048932,-2.667183726657149,3
-0.8583649250766905,10.641305400199599,7.2508364505367595,2.0151773672062503,-5.515721248561342,-7.500643106462858,-8.189995051659126,7.063236806763334,2.216292164849612,5.351765606794736,0
2.681637606049298,-4.652391160332376,-6.061739790773231,-4.026753411043229,-2.4239192062009285,7.363902851585493,-4.205727180042679,1.187139406909249,4.215278711020705,-11.427073480352806,2
-0.3758482438744424,11.352877309089667,7.404196818303156,3.2705894591200173,-7.213863351784979,-6.586682220409301,-6.425309823619297,5.689651573524231,2.759646852609978,3.3747739312661875,0
1.6599605026961801,-8.777629829208019,-0.6872338776220199,-4.386307321779752,-1.9896938746330137,6.112297291066226,-8.410823408984983,-0.5066726552402951,2.4831978997412003,-9.736712554365068,2
3.226469201997655,-6.443252724151875,-4.975723977487079,-0.6609141105333327,-3.133592513565358,7.959337214367411,-5.697537025642303,-0.3884164114841142,1.8085441065042267,-9.285521277221928,2
-1.8553428755244248,8.576085070580593,6.29868999859508,-2.4491009340750383,-6.408398074934138,-5.338379205502013,-11.795500248195694,9.611031001912561,2.699293049853004,3.3308757281193064,0
5.594407241192722,-11.033403888262677,-1.534772033690388,-3.1214010758823756,0.8405694290278318,5.863122195977739,-3.7274132847818673,-0.49003516083338994,-0.34894947311477464,-6.229983171057919,2
5.034787049632547,-7.614266007607557,-8.587240260605416,8.358411317090544,11.604695811518017,0.49293407953446344,-3.9409453011844047,-8.258195234867717,2.777387755059772,2.255502966063292,3
-2.081010134792342,6.5228085707743455,4.986240687930465,2.7438044433984055,-8.647342063553536,-6.572659381384891,-8.72191031974401,5.0375823198374565,2.7378749555607422,5.283020608657377,0
-11.126594813658548,7.518390841022157,8.307802499871933,-6.140870063980084,-6.892530338479209,-10.339634531744831,-2.644319080390793,-1.9833881570621879,-1.2412343666250287,-3.620663320122778,1
-1.5512379715599665,9.681610338772218,6.7149587247439,0.9531368862312379,-7.419377061738013,-8.83763702484056,-9.726914276788234,8.078123901588407,3.5362774681548794,2.3171209075656582,0
1.3933773648225798,-2.4241968820345745,-7.837243302264335,6.426345425075203,9.055548074987273,4.86459671801639,-8.296489556172634,-4.847615839644742,5.090945614683145,-0.130535489409348,3
-12.162637251252452,6.603960673013903,5.481654163316426,-3.6764600843958437,-9.402192806811673,-11.996220999152461,-4.817472857627243,1.598610232466598,1.0394238723199734,-5.101739920209959,1
-3.946012154191145,10.804134882087205,4.049979479644046,4.4686538292882,-8.226608439639007,-6.322121268828343,-10.509021863155525,11.61382117104548,-0.35289660319484994,4.781092976374964,0
-8.588581866603208,6.599584693636003,7.384151401991279,-9.953270801737725,-5.112484622195916,-4.561446836953341,-5.0998670521133525,0.742224024555922,2.5472152403428874,-5.186910604563034,1
-12.597750862145956,10.91830897061909,6.813732321877442,-8.668320785364338,-6.9819188099577145,-7.83622261411249,-3.2768061199708844,3.1760295246910464,-5.111444566449174,-3.945365037744327,1
3.657735965033628,-7.818595093636359,-10.411665176856818,7.754443271677548,11.54990532979961,6.194033711083126,-4.266226667246411,-8.266568717274424,6.268781198896183,-2.6952935784144567,3
2.0885986241857504,8.288609007319003,3.748873793426558,4.879938638176133,-3.7204828996898454,-7.925829647582483,-9.678701390827724,6.759953697777688,-0.6666007872043784,2.3241476629525124,0
-0.6725644110481241,5.873284920951967,2.6606225630874265,3.854712059917164,-8.844601978227889,-7.3293758932699955,-7.738223558586906,5.386834005771433,2.2330512471560953,1.4934005660845,0
2.6280213575541715,-7.407813189437775,-3.285156250295545,-7.737255304565537,0.48553866446598204,5.955875035184207,-6.451474150389337,4.378413159711348,0.4984233396597453,-9.877143723730107,2
4.218659147877183,-7.404437740837373,-6.883043513040311,9.224670363395855,9.064069107166315,5.745178502693284,-2.4145018873282726,-7.395402086298182,8.236311385538412,-2.9013994112026213,3
-0.34309513670219616,11.121890232268127,1.8845401003139193,0.09751960411048644,-5.8495566567339505,-5.852537691451529,-7.808232384023914,15.028985896808145,3.1640812562505096,6.432582836282107,0
2.3415748754425563,-9.331332919752365,-5.5911393275515096,-5.241931665526105,1.07703078371312,1.4922253441796238,-3.699343670198955,3.0573875627979192,1.243930203275607,-14.277265921254642,2
-9.437442836280766,6.194265419445549,6.156727839748538,-7.43971097706686,-2.02161522086236,-6.683681427795997,-3.668745527240274,1.5980993847256924,-1.2738947344127778,-0.7853151151776552,1
7.13526503523014,-7.139760382764263,-9.334489928329202,9.210867769091594,11.455672532653264,3.154878901948423,-7.838836399485597,-9.220788261112617,0.41681461212456306,-2.04661282025925,3
-8.110689152308945,10.628932011265993,4.777975411919245,-3.5812535540844124,-7.435427546086084,-4.715794206369034,-3.1805805140065644,4.171495986235002,-1.8080315919013894,-4.874050788275556,1
4.805249482343824,-12.06290692802958,-8.930966769686982,-3.6645194781464645,1.316000059428137,2.5722231646490803,-12.02178903622032,1.42704758071065,2.3356058246462785,-11.251408559198904,2
-10.64626553021198,7.2850817577193805,9.095018950199085,-6.27092658717414,-5.658490719144228,-7.472612535758685,-7.556361741906279,1.0352433494276014,-5.185609577997239,-4.3126852882100986,1
-10.187663410097525,9.297787809156397,11.890438998068387,-7.977151837982804,-3.4351461783531128,-4.338192255999708,-3.3538823318289728,4.012369601035024,-0.6168886819439594,-3.3970988047033037,1
-8.221171467682996,6.666285620838817,9.072740786781237,-5.230716723966765,-7.102054934350394,-6.045132868246822,-7.4676256066058855,1.312434255606099,-3.4198426435218283,-6.88075776772623,1
-1.2529074220079046,-7.712193519138582,-9.357946740730382,12.327430090894795,8.76303605198581,1.7654600154273847,-7.905502430255087,-7.97849854717896,4.912202241822955,-0.44603840995346744,3
3.5226126752456044,-10.896978673837094,-7.805004706274706,7.700539094776606,12.619259935848248,7.414121658107412,-3.4280091248339937,-7.073937733171879,1.687778824489701,2.0495632558481347,3
-1.7488019210408239,10.235457618765968,5.759459732090181,4.134731135049975,-5.211782882053462,-5.961749434819073,-8.978659179553304,4.00160104846672,2.8815366731293475,4.576826930247131,0
-8.490542443449222,8.88828545613249,6.397944296002636,-5.097458738115762,-6.191714643271327,-10.770510548426394,-4.374754401959633,-1.20768423587587,-1.010676789340661,1.7951008091676588,1
-3.5151635422567136,-3.87113853792612,-7.177955901126125,5.491815684093336,8.097503077932075,9.304311821383873,-1.0121317796168547,-6.169277674514433,3.3324356623234124,-1.0309752875829532,3
2.36501194401336,-7.279811288530224,-7.323102196191553,7.751744202525288,9.198558327785303,8.535921848723,-3.224074188622654,-8.16663280324945,2.4807716463727836,-2.4634129186379274,3
-10.41552118092724,13.173572357920268,7.761959065075952,-8.42418092463426,-5.391428077022714,-9.426517780808055,-1.749773033035099,-0.44712067099099995,-1.5483720046360268,-1.5238239009547812,1
-3.5582381556122975,9.993035250654158,2.1956232184442106,3.3991665442855084,-7.360277987467541,-7.629751208375142,-7.416407820229027,8.212049538470783,1.3003679032260158,6.480111162649405,0
2.6475473230605306,-6.433282055782137,-7.8984964292408595,9.381016555325175,7.252696111937316,6.260105405595524,-6.055101934368092,-7.884392634070674,2.7233646472666546,3.8818131203577497,3
2.88041497720059,-6.874003175025522,-6.147403993002396,-3.0357694583975,-5.23273040854499,6.060472555631052,-3.148808941205671,-2.663575495811979,0.6764360306053392,-8.412778188179786,2
-6.462532577067556,8.850210879581278,6.1620848572583995,-6.352894178984238,-2.555227476711974,-3.079991972207197,0.5224053260870223,0.17703821184465468,-0.769850649663495,-7.2087022948807435,1
2.724445262793939,-6.8839280836253645,-7.569283423094165,12.249306357338297,8.870555734417087,6.30668656764536,-3.5225307790699762,-3.2623384493243366,-0.5140519985949137,0.1694959043696429,3
-0.48009013606735884,-9.36959542951086,-8.200704309219532,-2.875324571529232,-2.0754754768213743,3.7703434458896425,-6.142771207168712,1.012630029977709,6.034687241660739,-12.094758584726472,2
2.790259425469951,-4.819161485308205,-5.350365146519097,1.5231155441386965,-1.9298621836300494,5.768333254540545,-7.351495548845478,0.7312304401127543,-1.6361520080297005,-10.163075343233487,2
2.814192372280292,-8.6838326636347,-5.276910521912834,10.025631769220135,8.512840681272554,4.67761142169452,-4.117660031659835,-6.820976236705742,3.633672273072738,-1.6312677394816864,3
-6.363868857573102,11.19187567497095,6.111791520196771,-7.535602237265052,-10.667131458516597,-7.770216441416164,-4.337415618464634,-1.4792304216576107,-1.6236135613422946,-4.021713430121625,1
-1.2416438611885532,9.841884323101318,4.269303518472685,1.7135282844738797,-6.792004247193051,-7.174113596532924,-6.910569523046191,11.744568918681406,0.9073166648485085,1.4218455967627532,0
0.03883543809543122,-7.103407776497733,-8.08330339526664,13.114162828078314,6.517029704642593,8.573099972779676,-3.5478958774397533,-6.3708966494133605,3.4806710969712733,-2.8818153854606257,3
-1.2436338908401805,13.555671843807113,5.0036113463450915,2.4696108565414043,-7.798348990231759,-8.579798332205531,-7.17765612354752,5.611355263680968,2.1654327093029604,3.2061366623906755,0
-10.411163328315956,11.70599851175138,2.9093694166175945,-6.530259336800495,-5.982652876007872,-5.433472360361256,-4.934768527191011,0.56401065605644,-6.337754333983664,-5.491914020706858,1
-2.8093087971178035,9.265439035141407,4.293735187660362,2.004327779103667,-9.072177364941673,-9.760211358464534,-5.649317630186066,5.6296002188620475,0.03951553595156132,-0.14532867128652072,0
-8.991732303190895,6.965510845529742,4.134742533441781,-0.522396679988967,-3.6148045832879996,-9.740392349197212,-9.718416730029977,7.585004070070886,4.904846812996407,1.28972725356203,0
-11.706125288197152,12.361523848165083,10.574027197070025,-5.745826442738783,-4.340574585041275,-3.6489579718695615,-5.400123605886014,-0.47548303809097936,1.1006493991517847,-0.8053886386221425,1
-3.7588347784441076,9.06646822861999,5.675196877166347,0.5216820576338008,-6.506093662197113,-8.390875457982592,-10.061363362619907,4.510200721802258,0.17583374264236706,1.4580823446882416,0
-1.0146104128062265,10.235026659065252,4.5980756482998055,2.207824450558296,-4.32429739957442,-8.063252370947607,-7.744132994295935,6.919137610630915,1.586937828409735,6.359005259895289,0
3.1576011444121974,-6.820438106418886,-6.19649766871335,-2.2600395914752647,2.045791561775993,6.600790756889327,-4.082549978689124,-0.1893351717530229,3.3480918560882706,-8.512456069166992,2
3.439144573728984,-6.425539898604731,-12.203722330576403,7.25625241827599,10.657419336713952,6.501258597048909,-1.5457448059212426,-7.240008593797978,1.751256748837818,-2.789078400649241,3
2.486037249630747,-4.264998331242836,-9.778150581768672,10.767531857120316,6.0486108914383525,4.358051296453089,-7.521807406396219,-8.596248321211906,3.5921380957104523,-0.9687471407549333,3
2.9701692753967537,-5.875572007720318,-8.536411296182012,8.901924581633004,14.089384647232064,8.536460252721568,-2.4620708265615625,-7.822959403465545,5.698974931436476,-0.16096057242506934,3
-11.160282179353915,6.636107836932336,7.256490007218187,-4.31009277618219,-6.825233403547526,-3.425388476289255,-6.592366740255743,1.8809658787079795,-2.572821268675472,-0.7366613836245679,1
-2.067709194770771,-5.457211495953292,-7.280093474179356,0.3340765227318321,-1.5388405035921813,5.280185263997919,-7.261992169001817,-0.2913889795719202,4.685354067536923,-14.046609058670203,2
3.4954838541095707,-9.590470624580174,-11.656522387986982,12.322242553261722,7.83788085449527,4.499577264863974,-8.439828804831151,-8.74811413107543,3.229221300571632,0.23403606833099744,3
2.6622059557120195,-5.1561502603196985,-1.945306180581019,-3.8006581102426527,-2.5110348047432103,5.859805353799568,-4.283252107836917,0.5628095655790679,-1.3057015871411446,-10.67664063350173,2
-1.4505292725139016,-8.990758482998906,-4.28526255759307,-1.600181315091786,-5.270855957859173,5.379271276900556,-5.720426817074901,1.9839127453046588,3.234006545715723,-7.9058491079824345,2
1.5144367705130088,-7.338491109536801,-6.178303469153464,-3.7031999217426517,2.181790082067422,7.033373552463755,-7.855652585589006,-2.9105095709186317,1.1942567420213077,-9.497905304300922,2
1.5175768720004958,9.287356790363797,3.909235733603884,2.342530295670549,-9.573879770210663,-8.82333767029725,-6.437499940747159,6.009734357555912,-0.07152173049970356,5.234757060975481,0
2.1389876196033075,-5.021511967632674,-9.075490810467024,11.363936636768722,11.355671447054915,8.00577667164588,-4.827038161078581,-10.206242615435295,2.4574853195175486,-0.8044682438745321,3
1.4041601880225976,-7.589913160446161,-9.038672855649871,12.251190668727945,8.946039242438793,6.128358273287805,-4.872351758405193,-5.848591004988393,7.604335039732487,-0.29572402634519646,3
0.4278291444600577,-4.864609096424273,-2.8262733819120793,1.2096717388013323,-2.6352464700187586,4.947503429823838,-5.543632511781661,1.5776678437237739,1.4169561021455852,-10.816913926507446,2
-3.4880765080891942,11.102607882336466,6.003661815480724,5.666584335412799,-5.711770820499343,-7.598693774850066,-7.6570180952513915,9.54093007666452,3.6632645972589035,5.175999618135505,0
-8.393853677577182,7.501501034791485,7.575265400206682,-8.487493399354967,-4.667152230524652,-8.796956432468342,-2.810555265450199,1.746390499936759,-2.754643264016835,-3.0113640618697075,1
-7.242060838910668,10.137481427636073,6.434248527999978,-4.857783934813922,-9.505252959994987,-8.585444740750933,-6.303005153607357,0.7810148221721708,2.1039303718124986,0.2871830963461033,1
-1.0539385357787905,9.11817789981292,6.10515899065926,1.8117365237235674,-6.722356810519089,-10.876510962340163,-7.005672407231048,8.016499867294689,4.01832045458348,-1.6310592004664697,0
2.319830610808661,-8.72802651376433,-6.7863781361117175,13.627057356772301,9.278628512523525,7.177989138876756,-3.7386876649019323,-9.473727059686674,0.043139974639105017,-2.6084970913987036,3
2.316562179064966,-8.045861328193801,-5.2026940020527395,11.057834384871818,7.833098333545252,3.498725748508756,-4.679069878488283,-7.17755242768971,4.165072218135584,1.3093155243285137,3
-9.50647176329251,7.393822131676941,8.130501506848688,-6.779644919377647,-6.8207004865380245,-8.320608552148348,-9.039822458399867,0.11307310744441923,3.4641312160681466,-2.6062086202431134,1
-1.2443821449417083,10.959395027451782,5.883498760662494,-1.1672797558401808,-8.333901542801007,-7.375146864378956,-8.987194614836103,8.564867110600058,2.3777022367306833,1.4907628385007063,0
-11.975583777596912,11.23650539045989,8.650017452094392,-7.094458204587767,-3.57857005572933,-6.832002832129229,-3.3377678822495316,1.0157723101871987,-1.6297171100987808,-2.553800649719597,1
-5.306332770691032,10.140224601579463,3.3385936979844475,0.9989189164113399,-8.064415039629008,-8.608091132635579,-8.741284500746357,5.661622682676628,2.563213886423853,4.060975337022635,0
-2.498710223616384,9.108247315727805,3.739747893269614,3.2188695486357295,-9.014868049916458,-7.164868563318533,-8.597736493212212,8.352400583616202,3.4455299910419552,1.9121673722451704,0
-3.007125920010897,10.957428030107032,5.930630735398396,4.71043279900543,-8.809474112311479,-5.508006673279068,-6.721478782936835,3.8060439426524746,-0.3442167904673745,0.08298720040070773,0
1.6356560670067783,-6.728784432854386,-7.3206392261457385,7.610442180493891,8.765182157157666,6.139406256430444,-3.6085287014950107,-7.850903370456477,4.556672080688297,0.49072889407550147,3
1.9216153670159815,-6.060980982962897,-8.999202042802024,6.449698409171939,10.285010244615066,2.269203451684375,-8.008439531100986,-6.568196730469186,4.698701074513851,-1.311740855356045,3
0.4044160563007504,-8.883964194551723,-4.4378571471063095,-2.057537797747773,-1.9277343431933824,8.40792458559456,-5.158390633795904,0.36358286475371154,-1.0235276704962053,-11.702623378455058,2
-1.499223065091836,10.745796516538565,2.239286022116549,1.3041672122588353,-7.829517813473182,-8.18676805842337,-5.307419276073817,8.133486337420614,-0.4994676738059147,5.997175450030461,0
0.5443384546736441,-8.379938093794703,-5.114624172339014,-1.9538115390319148,3.8195512577422344,4.271432355308592,-6.839774968063731,0.15844274204973605,2.639889074660344,-8.543890121690476,2
-8.123325908524347,9.975644368889933,3.3390779435518434,-7.673310376993404,-6.608918523049436,-6.145165054378021,-6.175562590157093,5.3184819838015995,1.6716884833494605,-2.971180555254194,1
-9.6739568767071,9.514242512856676,8.345714580419004,-10.246996454403687,-7.576901245388581,-5.909342418372378,-1.514997227955523,-0.48867626236765305,-5.114205039241433,-2.935994304106889,1
-0.6011940960663456,10.317068630809917,4.00934034694741,3.491108124927267,-8.425277620226414,-7.353746806755964,-9.809054852294217,7.487271194271348,6.651617368211193,0.42692117073741276,0
-1.4316856381600118,7.172938942039589,4.978600484300257,-0.8542593098692284,-7.10207931384867,-8.687924876205527,-10.309387641815544,9.795709265919578,4.204920476052713,5.379727797735263,0
-1.6970815127267147,-9.444495710373168,-4.528798533681131,-2.052765167795056,-0.9917772934590722,8.141460807447599,-9.908728084910056,0.571864641282553,-1.7876670735334597,-7.551567154631709,2
0.05281549375045547,-6.939446091174581,-2.168212278277822,-1.380750759897063,-5.621919037377065,9.787658533716034,-5.415964475591069,-1.268309512713768,2.1625472152227316,-8.71861210059466,2
3.864371880969683,-5.793421093235645,-7.909808169325971,8.126199535763485,10.213632109047257,5.644430381887032,-2.795841713240902,-11.8564466278936,2.816913604284759,2.2473600704084165,3
-8.312207911202437,10.3998859931288,3.046737347702958,-6.838565385902521,-7.939068159674465,-7.573604999433556,-4.251442777978824,-0.4490525227494975,-5.319699247909261,-2.6795966838040934,1
2.274663743803037,-8.444624187877626,-9.079449829120842,5.982817407855169,12.039098611755687,5.5606948165332195,-4.885496854619969,-4.8686770629841565,1.200167463144679,-3.4481243532719112,3
3.2298581299154723,-3.0599927082620795,-1.7968506818125816,-0.3841769970062878,-3.6543374165708844,7.231239931127118,-6.112737960226627,-0.8172748388042665,2.1843220583059066,-7.180568676377078,2
-8.148794229787587,6.811651127497559,4.735980062372418,-4.808405230673722,-3.395268598786058,-5.620683105360004,-4.5412712018555546,0.49371144349146545,-3.86191509509712,-2.9663865433284275,1
-5.205568467264176,10.500814316243751,4.981609712483985,1.6052030112353737,-6.8427593250204835,-6.184946182552604,-9.917847117254734,5.766913464694078,2.4139907450595386,2.2047060006908445,0
-3.6879271369411732,10.713490322240371,5.353909808158196,0.5873504934194236,-5.080427440284769,-6.265510551522728,-7.21260351895809,8.582780599345927,0.3643102130200311,3.0410894755269697,0
-6.1106074103772885,8.755711511004062,10.31396690296684,-4.124914262197944,-5.399367201187215,-5.594443508296284,-3.1275605443767427,-3.3602165260464627,-1.9188664154591981,-2.485101253670518,1
-10.371826412171595,7.553376674242881,9.87960419494732,-6.397858724857157,-3.9291836142069947,-3.289277699086421,-1.9185333445133248,-0.36811199279133955,-0.5536394464844663,-4.223808408820994,1
0.02971823738685142,-7.871701235614277,-5.717505287530562,-0.011613326048085515,-3.2721776085119036,7.490914606638494,-4.220616616615267,3.943929171704407,1.028918191981855,-7.646347426439721,2
2.834217501934019,-7.1321474823907645,-11.132129748565829,6.734650450216611,10.731345690401822,6.206863473366988,-4.184749105747036,-8.894337804517027,3.0742828392816337,0.8968734637683058,3
0.5407066759677488,-6.2125660042179645,-10.012346831549236,8.457092662523792,6.292558237520683,5.726870504016147,-4.295135376142511,-6.9659818318009314,4.131222356753878,-3.5937343751120636,3
-0.17363349973313547,9.523127814800748,5.315084160378506,1.1494157516957972,-7.854839639296257,-7.7452259689151886,-8.049423471879416,6.481553953858177,2.6018499486570015,8.312253153211786,0
-2.3887372031706975,13.940770353168894,4.2551569066658566,2.5762643686079567,-6.949050730561757,-9.217465668515011,-6.552682127605969,8.827388980872252,3.6043641289502695,2.342676646331431,0
-12.49066149418707,9.374019147547777,4.144065927182197,-5.025954021184541,-4.589725875663387,-7.173433390293431,-9.123582854063514,0.8930249262377463,-0.48762252369066617,-3.3668276861157658,1
-0.6399999714813775,-8.005339407602321,-9.224461635667417,5.785922807918439,7.834583345444721,7.472607638682581,-1.053113887954154,-8.885427225189423,5.197637238875334,-5.025070266382908,3
6.2201644988570575,-8.874245396658877,-5.257337595168715,-2.9668139809878658,0.802868648599818,6.119124242566899,-8.591775051137331,-0.7796483579821465,0.633582510816427,-9.225433836046136,2
1.0119974890445456,-6.837560301034164,-10.827408153929108,8.9580211277659,5.935630285354187,3.927852117389477,-2.5659021199788365,-6.838976679316533,2.9009069994694046,-3.232478743361879,3
-1.4912751005602263,-7.784852892763884,-7.958544360410928,10.146339077937286,9.111689220347778,6.053165556326136,-3.0866244458773537,-8.508696674787682,6.471023046112949,0.4817481032552313,3
-0.21166622230854326,5.534858570642122,3.914996953421837,-0.2661701053115557,-9.468990142593082,-4.558456018518908,-9.773730159259793,8.016530678960134,1.9284590771058074,5.115533210367152,0
-0.33818796214067914,-6.123781351400373,-9.914980426169057,6.948751291651838,6.632496519243317,7.032380343847729,-5.2704850866717345,-6.1109056718219135,5.672224959304016,1.550878645214926,3
3.2629412317133477,-7.772087103857959,-12.392114235903243,8.1204016912336,11.371521773345268,5.494156708758944,-5.600593219450544,-6.195213300866879,3.023110738197032,-2.217271752508408,3
1.4627691246203134,-7.338585827754672,-10.658819289858899,5.063033566798687,7.9763545648356535,6.55470586617754,-6.604078707387567,-8.015193246929073,7.485197378865067,0.8491629852965055,3
0.5858127796073731,12.606041474389365,3.414301455259329,1.1977665640687638,-6.30789640970146,-6.211196013301897,-7.521239211290349,11.343931993031402,1.668405779876077,2.5648570668440014,0
3.3266088143042367,-5.350039956848432,-12.521601923619418,9.163669238125486,8.375648434770556,4.650416446458472,-1.2060199551345758,-9.353916001147159,2.071906672007038,-1.0455602451977861,3
-13.83201991210114,8.182553069051021,9.242841909130654,-5.798953911032241,-8.36210512044781,-7.341459645387759,-2.2339150878001393,1.5885957690475159,-1.838963825497074,-4.909066019668536,1
-2.243258274758998,7.614044498319975,7.029972094077786,-1.0732041256268174,-7.9974708856944465,-6.125685843146905,-5.70727969816733,7.192022393352728,0.9119011814777789,7.923765694802089,0
-0.04898072969986744,-5.569806413448194,-4.286484239360674,-2.527014938095135,-0.7322063336558915,5.403033250263753,-3.623109362618676,0.11725284857380852,-0.3908008795254876,-9.858051457539503,2
-2.0276912640756137,14.21765235655911,5.77089812749119,-1.5483558343709034,-5.372943948942205,-6.117792823510391,-6.258822248470519,8.66988561803862,1.745388266896628,1.7128550833421774,0
-8.307350523682304,9.017190831244264,7.296966872451557,-8.048600566065812,-6.1930817565901854,-12.314181744732771,-4.288947457133215,-2.765817854785523,1.0508894059359468,-2.620602490510139,1
-9.991293181978987,9.38515441278097,7.846441595132256,-4.416536808998315,-7.831848253414979,-6.1679186901042025,-3.000594331578763,3.4067732769382904,0.047913452491761044,-2.5973038212881234,1
-3.637692820367527,9.383388734592396,7.724098741363853,5.985355460258978,-2.7566200378784744,-4.463377132089661,-6.790202705013085,8.508576813901069,3.579022387197451,3.059080123263842,0
-0.8608631556593602,-6.694170824516801,-1.9493523426631216,-1.7224276411354027,-0.8834079974969882,4.5249759242816605,-8.190851622268985,1.9541914209219968,3.6758346200120213,-12.16245131898151,2
2.4092796309655458,-8.703969357099497,-2.1767745513770587,-3.107025284018571,0.17447305168533367,4.748697815474672,-7.306178127827678,0.4530252286436248,1.87394866432822,-8.111337674866379,2
1.058833628885336,-9.081315384484014,-4.512942780904433,-4.498384972719192,-1.713461079638145,6.391627070987206,-5.309840878340552,-1.5109713645790261,0.8728806313433606,-6.922325736059557,2
0.44612350588055927,-5.638786304870149,-7.4340597070098084,8.029354394858736,7.769096746705437,9.386988293881167,-3.452732865068479,-6.774622218448846,2.0405085065872823,-3.6355190582523607,3
1.9212925405106391,-5.455974073885811,-10.013713248283858,8.879780683349766,10.735461820422177,12.393767364416902,-2.291652237728444,-9.74268891593334,2.837141166197731,-2.1037783419756813,3
2.165622400875901,-9.546611400251768,-9.674234982204336,6.105203015210431,10.700487127873703,7.601125641848524,-7.368250077501276,-5.378786228871176,8.679490783082844,-1.1049373517352912,3
5.416735850808958,-6.06198034517116,-1.35791773900405,-5.3570186310963965,-3.6102486264901583,5.405580608325679,-5.000955503042418,3.87741041412616,3.260449204871113,-9.556354299224111,2
1.8788713244152773,-6.418483224767317,-2.7713955176600136,-1.203488043207506,-2.850207932994934,5.135209032002678,-3.6169986330789303,2.0739831434199774,-0.897427525721278,-8.368031944895641,2
2.7458211442643994,-6.310521933959252,-9.268642015778813,8.76532256498716,15.509239529633703,5.651596686266353,-2.8874758940324368,-9.345287359100084,4.275125680324344,-1.6734174753192081,3
-8.276508561024428,9.787669432677436,6.611435303116641,-6.530254692612249,-4.11527521588596,-4.436856878685608,-5.460910476456464,1.3092332068938275,-3.304413096240257,-6.934653525617023,1
-8.604272418098352,8.346127357904725,2.342166976265947,-3.5589123629270856,-7.321175567874796,-8.057461331017565,-2.528197316981258,-0.28889664719350194,0.7587731409355585,-2.9414052968857662,1
-2.6634010418809586,9.69659007783161,5.193260434888139,3.6275361820127796,-6.853623407395456,-3.973041438961313,-9.367641423111923,12.76386124867794,3.273634930394188,2.4471364430883438,0
-9.19954151092928,8.69186445761851,7.325820502931818,-6.344020606712536,-6.0265787033187594,-3.6967147317154043,-5.928240271368528,2.774885754902848,1.2731305075220454,-4.411554250021319,1
3.7687355768142052,-7.758428109955046,-10.197683519139964,8.53463754989919,6.958716435951251,9.809034778212853,-5.040513798962033,-6.383324147511514,4.103600697538683,-3.166018226171909,3
-2.9360833649131663,11.995738401898226,4.937213750632324,1.2989977417046532,-8.106432518233149,-7.4850489662522035,-9.614681393718469,7.664355360249679,2.3434481969639047,4.167543596227738,0
0.09608993497674456,-7.336054018136798,-7.409931157003827,10.834202127755315,8.31957719052725,3.8609621103596536,-3.37203734079992,-9.69362766112402,2.6481552525207324,1.453602055666102,3
2.2676376196645576,-7.79723538872808,-9.385379993980486,4.806125867256658,11.260093123195922,6.765542522972745,-5.454636304599447,-4.249087757161844,3.8586934910279105,-3.2692372691583667,3
-9.193725582821537,10.020814390125656,10.048767565161196,-3.6101314819647055,-5.982229473327939,-4.4492886413963575,-5.980202947864324,1.2909827325383751,2.257513072308535,-4.6115089868239085,1
-8.715190505768616,11.206066725412276,1.9229879449247589,-7.7726791958543515,-5.125192133847592,-2.216918863507926,-3.8735677254584298,-0.9608772498135116,-1.7268925093673655,-1.4256643577427917,1
2.9304778496574295,-2.1870096837903157,-7.837262518307142,-2.7373243562251064,0.40248555449026635,5.949675631172635,-6.232780461864286,-2.313743958619416,2.313864863121177,-10.584519699631898,2
1.2687099919501157,-9.142615426465671,-4.507863941093018,-1.6897518396325988,-0.8971774387949121,6.317481373232749,-2.3797089598019596,-0.4010689548428956,2.404988646530189,-10.089418470798314,2
3.6526425968314307,-5.280655472042928,-6.754854208814966,8.951101474309395,8.112996614851488,3.0503729722815383,-2.268978080253774,-7.19877875498435,1.753095264515219,-2.2740974718012215,3
-14.436790634629833,11.166287835961985,8.122540610193303,-6.315872900670904,-6.2295192214082435,-5.3000313675231245,-7.040246854582331,-0.5629767220478323,0.22742973208596906,-6.68399604237766,1
2.2259373071514488,-4.853097407362317,-6.903912807235136,-1.632958855068661,2.8590353654284257,6.542930444574805,-5.453361345650708,0.3018009299209322,-1.2934715370109746,-6.359845874179349,2
-9.62683087355274,8.87241538482335,6.693784601632529,-4.6589795560840574,-8.725126286475678,-4.1032664135935795,-2.4843925099267574,1.9315000840606262,-0.4841481495382306,-4.136183880651181,1
-0.7310554354010805,-7.627059208039979,-1.7438907195678066,-5.727098847305461,-2.9887790520126707,5.9560547003284094,-7.975833926527331,-1.3003581259581927,1.0010942137844956,-11.802226553980343,2
-6.866992922406649,6.780556245001662,0.609828504366785,-5.385518696927087,-2.7624782928362803,-3.854017097052449,-3.495836310259994,-0.48814373861933746,0.2531455661169355,-6.122509595448099,1
-2.3544610077575134,7.291717725541794,7.686126990767416,3.050989771310049,-8.954119499804182,-7.260786949443163,-10.589564263405524,4.557923453570031,3.8746553299274584,7.98028483686117,0
-10.727975970561468,10.057214514385905,3.6145054226650775,-4.252059451390946,-7.195889465628495,-8.59204848101204,-4.815180856800873,3.009427066369903,-2.431769801190131,-3.4585099596199207,1
-1.9660399486620033,6.460788976557703,2.4777657554115766,4.0794753906065395,-6.95873749886458,-5.517108198530698,-8.781691004375087,7.383035194490193,3.898867846816171,3.129362099486161,0
3.093691279198065,-7.0558097945237295,-5.344729845433047,-3.0040259547614303,-0.7214462562209809,1.4460510390306487,-5.090188127255408,-1.674753681161381,-0.4583734291706403,-12.445680439821466,2
-8.343895825997148,7.120530807678348,8.727076390848973,-5.904746359505396,-5.022539421375562,-8.475624269011634,-7.022672672841374,2.130907948694815,-0.608280574962652,-5.979520304754182,1
-8.654968150151788,12.440209497558646,4.751019774358761,-2.2584913906033606,-4.499117527337218,-6.805020377369216,-1.6439148464433573,-1.7174583921785112,-3.0101279502130325,-5.392596642518562,1
-10.247205686778134,10.861938451816478,7.3189688741766705,-5.120905872068921,-5.424965476240935,-9.403054049345535,-2.4015777808352814,1.720066220671962,-3.3944658843106796,-4.663578143387564,1
-9.546537137492027,9.859598854677253,4.128523285663276,-6.985940602513432,-7.113893416505862,-6.967339996443791,-1.3518675508017082,1.6105107540950063,-3.584015541031749,-3.6824076391751515,1
-11.32763627663334,11.649066612069426,4.27002903027378,-2.46787187992255,-8.164742125153726,-5.055125951714558,-4.572392092307215,1.7015034948094434,-2.4493276313860703,-4.5010030081837495,1
-2.0104302556312397,12.169192687725271,4.449287771454197,2.5312127354814105,-5.663834171718191,-6.50689134696323,-9.731194985737067,7.711702901295318,4.16956373458372,2.1084209570987884,0
-11.28357797132212,8.094019266053765,4.469586741323659,-7.3227416026898835,-7.104516853038046,-9.143043841288607,-3.8839184729100396,2.2996829802180514,-3.176611987451526,-1.1368493487556237,1
0.44967053212487085,-7.671531257819969,-7.187636462805781,8.53393420248213,6.6130945227287246,9.704285548448787,-3.2677942342422606,-10.86044452089866,2.8009626757614896,-0.9751773595511374,3
-4.517479156556886,7.478690997990064,4.570509061454539,2.4415991490137734,-3.7786262055231163,-8.876817674753529,-6.869682959682843,6.895545227047685,1.9233728155593097,5.511090540254116,0
-3.5990357966706497,9.812558356902464,4.564609431378405,4.1797734479737745,-6.651171893827191,-6.579506070352191,-9.565552181063723,7.209631668056568,2.637903772648294,0.7411147706076577,0
2.9361652693307025,-5.682346479235733,-11.863414473787365,9.078166143398027,10.271655757494404,7.625829351470122,-5.292426165000175,-9.364636269649612,2.5364591796759406,-0.12412232542528634,3
0.05865486790375796,-5.642702694829237,-8.117073411615438,10.893390007283202,7.730877078102056,6.235963154785515,-6.637768207385857,-6.6435681560228925,4.722402891123382,-0.20534008315283137,3
-3.913303810807455,8.358961835002786,3.8556625299637863,-0.9538602123235052,-6.287386637022118,-6.357999048916168,-8.828100843351088,6.8543486487484095,-0.8084412492366528,3.320160910390191,0
-11.439159366203125,9.90896455458852,4.858160171282387,-6.569419464754918,-8.355131445438445,-5.02963731928401,-2.198252907495915,0.025887492729929684,-1.2846236372376285,-7.072600025306249,1
-3.0480112919418656,10.449370639790246,7.644592940420157,2.1213592447802823,-3.6223961000086864,-9.64031250970573,-12.24509263534632,7.212427517705466,2.79043113274279,4.096062059732723,0
-4.693823152397908,8.381469228808717,7.066074236186468,2.2566035112205416,-2.2409681111878816,-6.093473914487203,-8.454229523655947,6.705289987093701,2.2893820444287405,3.856511883159821,0
-0.827910525075302,7.70903816959354,3.747511969798542,-1.80591177795033,-7.784239829649423,-11.727868246533859,-12.006133403607457,8.844352227787297,3.59390055216584,5.012366679490839,0
4.742743163302557,-8.106572019559461,-5.54160768782743,-6.610609418958332,-0.6717240570430678,9.787671308147761,-5.451807432903454,0.24013080990480593,2.4924559987748207,-9.093175753497249,2
-9.420656858225229,12.219115333646894,7.46837840792743,-7.475393606781617,-3.556760715607606,-4.936103257853269,-4.801243183066211,-0.46385730215372944,-0.7679485368761616,-3.249047605503992,1
3.1114180408406162,-8.69973287721507,-7.053402578626405,7.052408721228714,10.698178725188908,8.379613094918646,-2.184851565266977,-7.543924423396117,3.2220586443837385,-2.349789277877661,3
-1.9492603704131097,6.763308033601568,9.531382795461754,2.231612047891187,-6.660837601941484,-5.428576345478563,-7.876309293162584,7.771290964056966,0.4413513239735518,5.1043882701929,0
-9.627149325859417,8.791837477571335,8.248736619892536,-8.985839003307653,-8.470865494150695,-8.46751564608971,-2.014539956862094,3.9163553778086078,-1.569998064232628,-4.513060642419182,1
2.51902329367171,-4.032868930871971,-2.7663020801950395,-4.954780153631642,-1.101617969945168,4.093586266155151,-6.781924189649928,-0.542542562987053,0.8930002120328394,-11.581262489546834,2
-6.496668908195661,9.762399267893466,7.095216821174686,-0.4461123534416789,-3.5344824174758633,-6.042071574543856,-10.248351468152828,7.211984760183291,3.13895405990762,4.313462338745732,0
-11.005123647904878,6.370768258014232,3.0425734634965456,-8.921489672445457,-5.8292473538350205,-5.3144597564714555,-7.077536544873512,2.285205260796988,-2.327221730524564,-3.8818311720680625,1
0.45955082904054056,-6.617715458067513,-8.824264584538053,9.460191241880125,9.481650952876912,7.763936061553694,-2.0607073844378494,-10.147804363527925,5.422205531424679,-3.569622979427682,3
-10.85903489173521,7.0188637250591634,5.400162036581987,-6.122268501746176,-7.572989984934413,-10.743041917129462,-2.1210227470349814,3.0448787152022017,-0.05805564447867373,-6.450788536888794,1
-8.635594575371513,10.40913736157314,8.769272631006196,-0.2338977086123215,-5.578668721500454,-7.349837054346321,-3.9663037651932345,-3.0430231771334793,-2.7505258893358016,-4.99398207226537,1
2.4537031339322315,-5.992613898291291,-10.264165335131588,10.391775464288235,13.48206650395322,4.152123571472809,-4.5872426318276345,-7.583342771536138,5.25747295423477,-2.316042695786911,3
0.26677667088027657,-7.685509163736445,-9.127268761716786,10.652019717729434,8.670322584079782,2.996695548790036,-1.627588923542266,-9.720737987102401,3.56721967603388,-0.30387711132655004,3
6.800361567525275,-8.445406140826556,-7.227187524360357,-6.432783201941693,0.5468237420633821,1.9372188117431053,-6.751162462708652,1.159315142350154,2.2186424509006777,-8.220102017231701,2
